Dimension,Target Ratio,b,alpha,k,DW-PMAD Accuracy,PCA Accuracy,UMAP Accuracy,Isomap Accuracy,KernelPCA Accuracy,MDS Accuracy
50,0.05,85,25,3,0.206333333,0.209,0.164,0.194,0.163,0.148333333
50,0.05,100,1,3,0.207666667,0.209,0.164,0.194,0.163,0.148333333
50,0.05,100,25,3,0.207666667,0.209,0.164,0.194,0.163,0.148333333
50,0.05,85,1,3,0.206666667,0.209,0.164,0.194,0.163,0.148333333
50,0.05,75,1,3,0.206333333,0.209,0.164,0.194,0.163,0.148333333
50,0.05,75,25,3,0.206333333,0.209,0.164,0.194,0.163,0.148333333
50,0.05,50,1,3,0.206,0.209,0.164,0.194,0.163,0.148333333
50,0.05,65,25,3,0.206,0.209,0.164,0.194,0.163,0.148333333
50,0.05,50,25,3,0.206333333,0.209,0.164,0.194,0.163,0.148333333
50,0.05,65,1,3,0.148,0.209,0.164,0.194,0.163,0.148333333
50,0.05,75,5,3,0.206333333,0.209,0.164,0.194,0.163,0.148333333
50,0.05,85,5,3,0.206333333,0.209,0.164,0.194,0.163,0.148333333
50,0.05,100,5,3,0.207666667,0.209,0.164,0.194,0.163,0.148333333
50,0.05,85,35,3,0.207,0.209,0.164,0.194,0.163,0.148333333
50,0.05,75,35,3,0.206333333,0.209,0.164,0.194,0.163,0.148333333
50,0.05,100,35,3,0.209666667,0.209,0.164,0.194,0.163,0.148333333
50,0.05,50,5,3,0.207,0.209,0.164,0.194,0.163,0.148333333
50,0.05,65,35,3,0.207,0.209,0.164,0.194,0.163,0.148333333
50,0.05,50,35,3,0.207,0.209,0.164,0.194,0.163,0.148333333
50,0.05,65,5,3,0.207,0.209,0.164,0.194,0.163,0.148333333
50,0.05,85,10,3,0.207,0.209,0.164,0.194,0.163,0.148333333
50,0.05,85,50,3,0.207,0.209,0.164,0.194,0.163,0.148333333
50,0.05,100,10,3,0.207666667,0.209,0.164,0.194,0.163,0.148333333
50,0.05,75,50,3,0.206333333,0.209,0.164,0.194,0.163,0.148333333
50,0.05,100,50,3,0.195,0.209,0.164,0.194,0.163,0.148333333
50,0.05,75,10,3,0.206,0.209,0.164,0.194,0.163,0.148333333
50,0.05,65,50,3,0.207,0.209,0.164,0.194,0.163,0.148333333
50,0.05,50,10,3,0.207333333,0.209,0.164,0.194,0.163,0.148333333
50,0.05,65,10,3,0.207,0.209,0.164,0.194,0.163,0.148333333
50,0.05,50,50,3,0.206666667,0.209,0.164,0.194,0.163,0.148333333
50,0.1,75,25,3,0.373,0.378666667,0.294666667,0.255333333,0.243666667,0.395333333
50,0.1,75,1,3,0.374333333,0.378666667,0.294666667,0.255333333,0.243666667,0.395333333
50,0.1,50,25,3,0.368,0.378666667,0.294666667,0.255333333,0.243666667,0.395333333
50,0.1,50,1,3,0.375,0.378666667,0.294666667,0.255333333,0.243666667,0.395333333
50,0.1,65,25,3,0.372333333,0.378666667,0.294666667,0.255333333,0.243666667,0.395333333
50,0.1,65,1,3,0.147666667,0.378666667,0.294666667,0.255333333,0.243666667,0.395333333
50,0.1,75,35,3,0.366,0.378666667,0.294666667,0.255333333,0.243666667,0.395333333
50,0.1,50,35,3,0.366,0.378666667,0.294666667,0.255333333,0.243666667,0.395333333
50,0.1,75,5,3,0.368333333,0.378666667,0.294666667,0.255333333,0.243666667,0.395333333
50,0.1,50,5,3,0.375666667,0.378666667,0.294666667,0.255333333,0.243666667,0.395333333
50,0.1,65,35,3,0.367,0.378666667,0.294666667,0.255333333,0.243666667,0.395333333
50,0.1,65,5,3,0.376666667,0.378666667,0.294666667,0.255333333,0.243666667,0.395333333
50,0.1,75,50,3,0.371666667,0.378666667,0.294666667,0.255333333,0.243666667,0.395333333
50,0.1,50,50,3,0.370666667,0.378666667,0.294666667,0.255333333,0.243666667,0.395333333
50,0.1,75,10,3,0.373333333,0.378666667,0.294666667,0.255333333,0.243666667,0.395333333
50,0.1,50,10,3,0.367,0.378666667,0.294666667,0.255333333,0.243666667,0.395333333
50,0.1,65,50,3,0.372333333,0.378666667,0.294666667,0.255333333,0.243666667,0.395333333
50,0.1,65,10,3,0.375333333,0.378666667,0.294666667,0.255333333,0.243666667,0.395333333
50,0.1,100,1,3,0.376333333,0.378666667,0.294666667,0.255333333,0.243666667,0.395333333
50,0.1,100,25,3,0.376333333,0.378666667,0.294666667,0.255333333,0.243666667,0.395333333
50,0.1,85,1,3,0.374333333,0.378666667,0.294666667,0.255333333,0.243666667,0.395333333
50,0.1,85,25,3,0.372,0.378666667,0.294666667,0.255333333,0.243666667,0.395333333
50,0.1,100,35,3,0.373333333,0.378666667,0.294666667,0.255333333,0.243666667,0.395333333
50,0.1,100,5,3,0.369,0.378666667,0.294666667,0.255333333,0.243666667,0.395333333
50,0.1,85,35,3,0.370333333,0.378666667,0.294666667,0.255333333,0.243666667,0.395333333
50,0.1,85,5,3,0.372,0.378666667,0.294666667,0.255333333,0.243666667,0.395333333
50,0.1,100,50,3,0.370333333,0.378666667,0.294666667,0.255333333,0.243666667,0.395333333
50,0.1,100,10,3,0.380666667,0.378666667,0.294666667,0.255333333,0.243666667,0.395333333
50,0.1,85,10,3,0.372333333,0.378666667,0.294666667,0.255333333,0.243666667,0.395333333
50,0.1,85,50,3,0.371333333,0.378666667,0.294666667,0.255333333,0.243666667,0.395333333
50,0.2,50,25,3,0.555666667,0.554333333,0.311333333,0.318666667,0.324666667,0.580666667
50,0.2,50,1,3,0.557333333,0.554333333,0.311333333,0.318666667,0.324666667,0.580666667
50,0.2,75,1,3,0.555,0.554333333,0.311333333,0.318666667,0.324666667,0.580666667
50,0.2,65,1,3,0.148333333,0.554333333,0.311333333,0.318666667,0.324666667,0.580666667
50,0.2,65,25,3,0.557666667,0.554333333,0.311333333,0.318666667,0.324666667,0.580666667
50,0.2,75,25,3,0.554,0.554333333,0.311333333,0.318666667,0.324666667,0.580666667
50,0.2,100,1,3,0.556666667,0.554333333,0.311333333,0.318666667,0.324666667,0.580666667
50,0.2,100,25,3,0.556,0.554333333,0.311333333,0.318666667,0.324666667,0.580666667
50,0.2,85,1,3,0.560333333,0.554333333,0.311333333,0.318666667,0.324666667,0.580666667
50,0.2,85,25,3,0.558666667,0.554333333,0.311333333,0.318666667,0.324666667,0.580666667
50,0.2,100,5,3,0.556333333,0.554333333,0.311333333,0.318666667,0.324666667,0.580666667
50,0.2,50,35,3,0.550666667,0.554333333,0.311333333,0.318666667,0.324666667,0.580666667
50,0.2,50,5,3,0.553666667,0.554333333,0.311333333,0.318666667,0.324666667,0.580666667
50,0.2,65,35,3,0.555333333,0.554333333,0.311333333,0.318666667,0.324666667,0.580666667
50,0.2,65,5,3,0.554,0.554333333,0.311333333,0.318666667,0.324666667,0.580666667
50,0.2,75,5,3,0.562,0.554333333,0.311333333,0.318666667,0.324666667,0.580666667
50,0.2,75,35,3,0.551333333,0.554333333,0.311333333,0.318666667,0.324666667,0.580666667
50,0.2,100,35,3,0.554666667,0.554333333,0.311333333,0.318666667,0.324666667,0.580666667
50,0.2,85,35,3,0.561333333,0.554333333,0.311333333,0.318666667,0.324666667,0.580666667
50,0.2,85,5,3,0.556666667,0.554333333,0.311333333,0.318666667,0.324666667,0.580666667
50,0.2,100,10,3,0.552666667,0.554333333,0.311333333,0.318666667,0.324666667,0.580666667
50,0.2,100,50,3,0.548,0.554333333,0.311333333,0.318666667,0.324666667,0.580666667
50,0.2,50,50,3,0.554,0.554333333,0.311333333,0.318666667,0.324666667,0.580666667
50,0.2,65,50,3,0.556666667,0.554333333,0.311333333,0.318666667,0.324666667,0.580666667
50,0.2,65,10,3,0.556666667,0.554333333,0.311333333,0.318666667,0.324666667,0.580666667
50,0.2,50,10,3,0.553333333,0.554333333,0.311333333,0.318666667,0.324666667,0.580666667
50,0.2,75,50,3,0.561333333,0.554333333,0.311333333,0.318666667,0.324666667,0.580666667
50,0.2,75,10,3,0.559,0.554333333,0.311333333,0.318666667,0.324666667,0.580666667
50,0.2,85,50,3,0.558,0.554333333,0.311333333,0.318666667,0.324666667,0.580666667
50,0.2,85,10,3,0.560333333,0.554333333,0.311333333,0.318666667,0.324666667,0.580666667
50,0.4,50,1,3,0.748666667,0.746666667,0.306666667,0.406666667,0.410666667,0.725333333
50,0.4,50,25,3,0.745,0.746666667,0.306666667,0.406666667,0.410666667,0.725333333
50,0.4,65,1,3,0.148,0.746666667,0.306666667,0.406666667,0.410666667,0.725333333
50,0.4,50,5,3,0.745666667,0.746666667,0.306666667,0.406666667,0.410666667,0.725333333
50,0.4,100,1,3,0.701,0.746666667,0.306666667,0.406666667,0.410666667,0.725333333
50,0.4,50,35,3,0.738333333,0.746666667,0.306666667,0.406666667,0.410666667,0.725333333
50,0.4,85,1,3,0.7,0.746666667,0.306666667,0.406666667,0.410666667,0.725333333
50,0.4,65,25,3,0.747333333,0.746666667,0.306666667,0.406666667,0.410666667,0.725333333
50,0.4,75,1,3,0.742333333,0.746666667,0.306666667,0.406666667,0.410666667,0.725333333
50,0.4,75,25,3,0.741,0.746666667,0.306666667,0.406666667,0.410666667,0.725333333
50,0.4,100,25,3,0.746666667,0.746666667,0.306666667,0.406666667,0.410666667,0.725333333
50,0.4,85,25,3,0.749,0.746666667,0.306666667,0.406666667,0.410666667,0.725333333
50,0.4,100,5,3,0.745,0.746666667,0.306666667,0.406666667,0.410666667,0.725333333
50,0.4,100,35,3,0.742,0.746666667,0.306666667,0.406666667,0.410666667,0.725333333
50,0.4,65,5,3,0.740333333,0.746666667,0.306666667,0.406666667,0.410666667,0.725333333
50,0.4,85,5,3,0.745333333,0.746666667,0.306666667,0.406666667,0.410666667,0.725333333
50,0.4,50,50,3,0.749333333,0.746666667,0.306666667,0.406666667,0.410666667,0.725333333
50,0.4,50,10,3,0.747666667,0.746666667,0.306666667,0.406666667,0.410666667,0.725333333
50,0.4,65,35,3,0.743666667,0.746666667,0.306666667,0.406666667,0.410666667,0.725333333
50,0.4,75,35,3,0.743333333,0.746666667,0.306666667,0.406666667,0.410666667,0.725333333
50,0.4,75,5,3,0.743666667,0.746666667,0.306666667,0.406666667,0.410666667,0.725333333
50,0.4,85,35,3,0.746666667,0.746666667,0.306666667,0.406666667,0.410666667,0.725333333
50,0.4,100,10,3,0.745,0.746666667,0.306666667,0.406666667,0.410666667,0.725333333
50,0.4,100,50,3,0.741333333,0.746666667,0.306666667,0.406666667,0.410666667,0.725333333
50,0.4,85,10,3,0.740333333,0.746666667,0.306666667,0.406666667,0.410666667,0.725333333
50,0.4,65,10,3,0.744666667,0.746666667,0.306666667,0.406666667,0.410666667,0.725333333
50,0.4,75,50,3,0.74,0.746666667,0.306666667,0.406666667,0.410666667,0.725333333
50,0.4,65,50,3,0.746,0.746666667,0.306666667,0.406666667,0.410666667,0.725333333
50,0.4,75,10,3,0.743666667,0.746666667,0.306666667,0.406666667,0.410666667,0.725333333
50,0.4,85,50,3,0.744333333,0.746666667,0.306666667,0.406666667,0.410666667,0.725333333
50,0.6,50,1,3,0.848,0.854,0.304666667,0.464666667,0.482,0.785
50,0.6,50,25,3,0.854,0.854,0.304666667,0.464666667,0.482,0.785
50,0.6,65,1,3,0.148,0.854,0.304666667,0.464666667,0.482,0.785
50,0.6,65,25,3,0.853666667,0.854,0.304666667,0.464666667,0.482,0.785
50,0.6,75,1,3,0.849666667,0.854,0.304666667,0.464666667,0.482,0.785
50,0.6,75,25,3,0.851,0.854,0.304666667,0.464666667,0.482,0.785
50,0.6,50,35,3,0.849666667,0.854,0.304666667,0.464666667,0.482,0.785
50,0.6,50,5,3,0.85,0.854,0.304666667,0.464666667,0.482,0.785
50,0.6,65,5,3,0.851333333,0.854,0.304666667,0.464666667,0.482,0.785
50,0.6,65,35,3,0.848666667,0.854,0.304666667,0.464666667,0.482,0.785
50,0.6,75,5,3,0.850333333,0.854,0.304666667,0.464666667,0.482,0.785
50,0.6,75,35,3,0.850333333,0.854,0.304666667,0.464666667,0.482,0.785
50,0.6,85,1,3,0.580666667,0.854,0.304666667,0.464666667,0.482,0.785
50,0.6,85,25,3,0.849,0.854,0.304666667,0.464666667,0.482,0.785
50,0.6,100,1,3,0.776,0.854,0.304666667,0.464666667,0.482,0.785
50,0.6,100,25,3,0.853666667,0.854,0.304666667,0.464666667,0.482,0.785
50,0.6,50,50,3,0.853333333,0.854,0.304666667,0.464666667,0.482,0.785
50,0.6,50,10,3,0.858,0.854,0.304666667,0.464666667,0.482,0.785
50,0.6,65,10,3,0.847,0.854,0.304666667,0.464666667,0.482,0.785
50,0.6,75,10,3,0.850666667,0.854,0.304666667,0.464666667,0.482,0.785
50,0.6,65,50,3,0.855333333,0.854,0.304666667,0.464666667,0.482,0.785
50,0.6,85,5,3,0.855,0.854,0.304666667,0.464666667,0.482,0.785
50,0.6,85,35,3,0.852333333,0.854,0.304666667,0.464666667,0.482,0.785
50,0.6,75,50,3,0.851333333,0.854,0.304666667,0.464666667,0.482,0.785
50,0.6,100,5,3,0.851,0.854,0.304666667,0.464666667,0.482,0.785
50,0.6,100,35,3,0.852,0.854,0.304666667,0.464666667,0.482,0.785
50,0.6,100,10,3,0.852333333,0.854,0.304666667,0.464666667,0.482,0.785
50,0.6,100,50,3,0.846333333,0.854,0.304666667,0.464666667,0.482,0.785
50,0.6,85,50,3,0.851,0.854,0.304666667,0.464666667,0.482,0.785
50,0.6,85,10,3,0.851,0.854,0.304666667,0.464666667,0.482,0.785
50,0.05,85,25,6,0.223666667,0.226,0.217,0.202333333,0.156,0.1925
50,0.05,75,1,6,0.223166667,0.226,0.217,0.202333333,0.156,0.1925
50,0.05,100,1,6,0.224333333,0.226,0.217,0.202333333,0.156,0.1925
50,0.05,85,1,6,0.223833333,0.226,0.217,0.202333333,0.156,0.1925
50,0.05,100,25,6,0.2245,0.226,0.217,0.202333333,0.156,0.1925
50,0.05,75,25,6,0.223166667,0.226,0.217,0.202333333,0.156,0.1925
50,0.05,50,1,6,0.219666667,0.226,0.217,0.202333333,0.156,0.1925
50,0.05,65,25,6,0.2235,0.226,0.217,0.202333333,0.156,0.1925
50,0.05,50,25,6,0.219666667,0.226,0.217,0.202333333,0.156,0.1925
50,0.05,65,1,6,0.126333333,0.226,0.217,0.202333333,0.156,0.1925
50,0.05,75,5,6,0.223333333,0.226,0.217,0.202333333,0.156,0.1925
50,0.05,85,5,6,0.223833333,0.226,0.217,0.202333333,0.156,0.1925
50,0.05,85,35,6,0.224,0.226,0.217,0.202333333,0.156,0.1925
50,0.05,100,5,6,0.2245,0.226,0.217,0.202333333,0.156,0.1925
50,0.05,75,35,6,0.223333333,0.226,0.217,0.202333333,0.156,0.1925
50,0.05,100,35,6,0.225333333,0.226,0.217,0.202333333,0.156,0.1925
50,0.05,50,5,6,0.219666667,0.226,0.217,0.202333333,0.156,0.1925
50,0.05,65,35,6,0.223833333,0.226,0.217,0.202333333,0.156,0.1925
50,0.05,50,35,6,0.219833333,0.226,0.217,0.202333333,0.156,0.1925
50,0.05,65,5,6,0.223833333,0.226,0.217,0.202333333,0.156,0.1925
50,0.05,85,50,6,0.224,0.226,0.217,0.202333333,0.156,0.1925
50,0.05,85,10,6,0.224,0.226,0.217,0.202333333,0.156,0.1925
50,0.05,100,50,6,0.204,0.226,0.217,0.202333333,0.156,0.1925
50,0.05,75,10,6,0.223166667,0.226,0.217,0.202333333,0.156,0.1925
50,0.05,75,50,6,0.223333333,0.226,0.217,0.202333333,0.156,0.1925
50,0.05,100,10,6,0.224333333,0.226,0.217,0.202333333,0.156,0.1925
50,0.05,65,50,6,0.224,0.226,0.217,0.202333333,0.156,0.1925
50,0.05,50,10,6,0.219666667,0.226,0.217,0.202333333,0.156,0.1925
50,0.05,65,10,6,0.224166667,0.226,0.217,0.202333333,0.156,0.1925
50,0.05,50,50,6,0.2195,0.226,0.217,0.202333333,0.156,0.1925
50,0.1,75,25,6,0.415166667,0.419166667,0.339166667,0.287333333,0.261666667,0.447666667
50,0.1,50,25,6,0.417166667,0.419166667,0.339166667,0.287333333,0.261666667,0.447666667
50,0.1,75,1,6,0.413666667,0.419166667,0.339166667,0.287333333,0.261666667,0.447666667
50,0.1,50,1,6,0.415,0.419166667,0.339166667,0.287333333,0.261666667,0.447666667
50,0.1,65,25,6,0.413666667,0.419166667,0.339166667,0.287333333,0.261666667,0.447666667
50,0.1,65,1,6,0.126333333,0.419166667,0.339166667,0.287333333,0.261666667,0.447666667
50,0.1,75,35,6,0.4185,0.419166667,0.339166667,0.287333333,0.261666667,0.447666667
50,0.1,50,35,6,0.414833333,0.419166667,0.339166667,0.287333333,0.261666667,0.447666667
50,0.1,75,5,6,0.414333333,0.419166667,0.339166667,0.287333333,0.261666667,0.447666667
50,0.1,50,5,6,0.415833333,0.419166667,0.339166667,0.287333333,0.261666667,0.447666667
50,0.1,65,35,6,0.418666667,0.419166667,0.339166667,0.287333333,0.261666667,0.447666667
50,0.1,65,5,6,0.413166667,0.419166667,0.339166667,0.287333333,0.261666667,0.447666667
50,0.1,75,50,6,0.414666667,0.419166667,0.339166667,0.287333333,0.261666667,0.447666667
50,0.1,50,50,6,0.417666667,0.419166667,0.339166667,0.287333333,0.261666667,0.447666667
50,0.1,75,10,6,0.414166667,0.419166667,0.339166667,0.287333333,0.261666667,0.447666667
50,0.1,50,10,6,0.414,0.419166667,0.339166667,0.287333333,0.261666667,0.447666667
50,0.1,65,50,6,0.416333333,0.419166667,0.339166667,0.287333333,0.261666667,0.447666667
50,0.1,65,10,6,0.412,0.419166667,0.339166667,0.287333333,0.261666667,0.447666667
50,0.1,100,25,6,0.421166667,0.419166667,0.339166667,0.287333333,0.261666667,0.447666667
50,0.1,100,1,6,0.425,0.419166667,0.339166667,0.287333333,0.261666667,0.447666667
50,0.1,85,1,6,0.413833333,0.419166667,0.339166667,0.287333333,0.261666667,0.447666667
50,0.1,85,25,6,0.417166667,0.419166667,0.339166667,0.287333333,0.261666667,0.447666667
50,0.1,100,35,6,0.420166667,0.419166667,0.339166667,0.287333333,0.261666667,0.447666667
50,0.1,100,5,6,0.421666667,0.419166667,0.339166667,0.287333333,0.261666667,0.447666667
50,0.1,85,5,6,0.4175,0.419166667,0.339166667,0.287333333,0.261666667,0.447666667
50,0.1,85,35,6,0.417333333,0.419166667,0.339166667,0.287333333,0.261666667,0.447666667
50,0.1,100,50,6,0.414833333,0.419166667,0.339166667,0.287333333,0.261666667,0.447666667
50,0.1,100,10,6,0.417833333,0.419166667,0.339166667,0.287333333,0.261666667,0.447666667
50,0.1,85,10,6,0.415,0.419166667,0.339166667,0.287333333,0.261666667,0.447666667
50,0.1,85,50,6,0.416166667,0.419166667,0.339166667,0.287333333,0.261666667,0.447666667
50,0.2,50,1,6,0.604,0.5995,0.345666667,0.380166667,0.3395,0.637833333
50,0.2,50,25,6,0.5985,0.5995,0.345666667,0.380166667,0.3395,0.637833333
50,0.2,75,1,6,0.6015,0.5995,0.345666667,0.380166667,0.3395,0.637833333
50,0.2,65,1,6,0.126,0.5995,0.345666667,0.380166667,0.3395,0.637833333
50,0.2,65,25,6,0.602166667,0.5995,0.345666667,0.380166667,0.3395,0.637833333
50,0.2,75,25,6,0.5945,0.5995,0.345666667,0.380166667,0.3395,0.637833333
50,0.2,100,1,6,0.6,0.5995,0.345666667,0.380166667,0.3395,0.637833333
50,0.2,100,25,6,0.5985,0.5995,0.345666667,0.380166667,0.3395,0.637833333
50,0.2,85,25,6,0.604833333,0.5995,0.345666667,0.380166667,0.3395,0.637833333
50,0.2,85,1,6,0.6005,0.5995,0.345666667,0.380166667,0.3395,0.637833333
50,0.2,100,5,6,0.601,0.5995,0.345666667,0.380166667,0.3395,0.637833333
50,0.2,50,35,6,0.598833333,0.5995,0.345666667,0.380166667,0.3395,0.637833333
50,0.2,50,5,6,0.6,0.5995,0.345666667,0.380166667,0.3395,0.637833333
50,0.2,65,35,6,0.601166667,0.5995,0.345666667,0.380166667,0.3395,0.637833333
50,0.2,65,5,6,0.600166667,0.5995,0.345666667,0.380166667,0.3395,0.637833333
50,0.2,75,5,6,0.599666667,0.5995,0.345666667,0.380166667,0.3395,0.637833333
50,0.2,75,35,6,0.601666667,0.5995,0.345666667,0.380166667,0.3395,0.637833333
50,0.2,100,35,6,0.602333333,0.5995,0.345666667,0.380166667,0.3395,0.637833333
50,0.2,85,35,6,0.602333333,0.5995,0.345666667,0.380166667,0.3395,0.637833333
50,0.2,85,5,6,0.601666667,0.5995,0.345666667,0.380166667,0.3395,0.637833333
50,0.2,100,10,6,0.602166667,0.5995,0.345666667,0.380166667,0.3395,0.637833333
50,0.2,100,50,6,0.5975,0.5995,0.345666667,0.380166667,0.3395,0.637833333
50,0.2,50,50,6,0.601833333,0.5995,0.345666667,0.380166667,0.3395,0.637833333
50,0.2,65,50,6,0.602666667,0.5995,0.345666667,0.380166667,0.3395,0.637833333
50,0.2,65,10,6,0.599833333,0.5995,0.345666667,0.380166667,0.3395,0.637833333
50,0.2,50,10,6,0.5985,0.5995,0.345666667,0.380166667,0.3395,0.637833333
50,0.2,75,50,6,0.601666667,0.5995,0.345666667,0.380166667,0.3395,0.637833333
50,0.2,75,10,6,0.595666667,0.5995,0.345666667,0.380166667,0.3395,0.637833333
50,0.2,85,50,6,0.603166667,0.5995,0.345666667,0.380166667,0.3395,0.637833333
50,0.2,85,10,6,0.5985,0.5995,0.345666667,0.380166667,0.3395,0.637833333
50,0.4,50,1,6,0.7845,0.781666667,0.343166667,0.478,0.4275,0.767166667
50,0.4,50,25,6,0.787,0.781666667,0.343166667,0.478,0.4275,0.767166667
50,0.4,65,1,6,0.126333333,0.781666667,0.343166667,0.478,0.4275,0.767166667
50,0.4,50,5,6,0.783,0.781666667,0.343166667,0.478,0.4275,0.767166667
50,0.4,50,35,6,0.784666667,0.781666667,0.343166667,0.478,0.4275,0.767166667
50,0.4,100,1,6,0.722666667,0.781666667,0.343166667,0.478,0.4275,0.767166667
50,0.4,85,1,6,0.725666667,0.781666667,0.343166667,0.478,0.4275,0.767166667
50,0.4,65,25,6,0.788166667,0.781666667,0.343166667,0.478,0.4275,0.767166667
50,0.4,75,1,6,0.786,0.781666667,0.343166667,0.478,0.4275,0.767166667
50,0.4,75,25,6,0.786,0.781666667,0.343166667,0.478,0.4275,0.767166667
50,0.4,100,25,6,0.783666667,0.781666667,0.343166667,0.478,0.4275,0.767166667
50,0.4,85,25,6,0.789,0.781666667,0.343166667,0.478,0.4275,0.767166667
50,0.4,100,5,6,0.7855,0.781666667,0.343166667,0.478,0.4275,0.767166667
50,0.4,65,5,6,0.7795,0.781666667,0.343166667,0.478,0.4275,0.767166667
50,0.4,85,5,6,0.784833333,0.781666667,0.343166667,0.478,0.4275,0.767166667
50,0.4,100,35,6,0.781833333,0.781666667,0.343166667,0.478,0.4275,0.767166667
50,0.4,50,50,6,0.783,0.781666667,0.343166667,0.478,0.4275,0.767166667
50,0.4,50,10,6,0.780666667,0.781666667,0.343166667,0.478,0.4275,0.767166667
50,0.4,65,35,6,0.7835,0.781666667,0.343166667,0.478,0.4275,0.767166667
50,0.4,75,35,6,0.7855,0.781666667,0.343166667,0.478,0.4275,0.767166667
50,0.4,75,5,6,0.787,0.781666667,0.343166667,0.478,0.4275,0.767166667
50,0.4,85,35,6,0.7785,0.781666667,0.343166667,0.478,0.4275,0.767166667
50,0.4,100,10,6,0.785,0.781666667,0.343166667,0.478,0.4275,0.767166667
50,0.4,100,50,6,0.779,0.781666667,0.343166667,0.478,0.4275,0.767166667
50,0.4,85,10,6,0.782166667,0.781666667,0.343166667,0.478,0.4275,0.767166667
50,0.4,65,10,6,0.782333333,0.781666667,0.343166667,0.478,0.4275,0.767166667
50,0.4,75,50,6,0.785666667,0.781666667,0.343166667,0.478,0.4275,0.767166667
50,0.4,65,50,6,0.783666667,0.781666667,0.343166667,0.478,0.4275,0.767166667
50,0.4,75,10,6,0.786666667,0.781666667,0.343166667,0.478,0.4275,0.767166667
50,0.4,85,50,6,0.784833333,0.781666667,0.343166667,0.478,0.4275,0.767166667
50,0.6,50,1,6,0.881166667,0.877833333,0.347333333,0.535666667,0.502666667,0.8295
50,0.6,50,25,6,0.879833333,0.877833333,0.347333333,0.535666667,0.502666667,0.8295
50,0.6,65,1,6,0.126333333,0.877833333,0.347333333,0.535666667,0.502666667,0.8295
50,0.6,65,25,6,0.8815,0.877833333,0.347333333,0.535666667,0.502666667,0.8295
50,0.6,75,1,6,0.879666667,0.877833333,0.347333333,0.535666667,0.502666667,0.8295
50,0.6,75,25,6,0.8805,0.877833333,0.347333333,0.535666667,0.502666667,0.8295
50,0.6,50,35,6,0.879333333,0.877833333,0.347333333,0.535666667,0.502666667,0.8295
50,0.6,50,5,6,0.88,0.877833333,0.347333333,0.535666667,0.502666667,0.8295
50,0.6,65,5,6,0.8765,0.877833333,0.347333333,0.535666667,0.502666667,0.8295
50,0.6,65,35,6,0.876833333,0.877833333,0.347333333,0.535666667,0.502666667,0.8295
50,0.6,75,5,6,0.877833333,0.877833333,0.347333333,0.535666667,0.502666667,0.8295
50,0.6,75,35,6,0.882666667,0.877833333,0.347333333,0.535666667,0.502666667,0.8295
50,0.6,85,1,6,0.579833333,0.877833333,0.347333333,0.535666667,0.502666667,0.8295
50,0.6,85,25,6,0.879,0.877833333,0.347333333,0.535666667,0.502666667,0.8295
50,0.6,100,1,6,0.794833333,0.877833333,0.347333333,0.535666667,0.502666667,0.8295
50,0.6,100,25,6,0.879333333,0.877833333,0.347333333,0.535666667,0.502666667,0.8295
50,0.6,50,50,6,0.877666667,0.877833333,0.347333333,0.535666667,0.502666667,0.8295
50,0.6,50,10,6,0.885333333,0.877833333,0.347333333,0.535666667,0.502666667,0.8295
50,0.6,65,10,6,0.875,0.877833333,0.347333333,0.535666667,0.502666667,0.8295
50,0.6,75,10,6,0.879833333,0.877833333,0.347333333,0.535666667,0.502666667,0.8295
50,0.6,65,50,6,0.8785,0.877833333,0.347333333,0.535666667,0.502666667,0.8295
50,0.6,85,5,6,0.881666667,0.877833333,0.347333333,0.535666667,0.502666667,0.8295
50,0.6,85,35,6,0.880666667,0.877833333,0.347333333,0.535666667,0.502666667,0.8295
50,0.6,75,50,6,0.879833333,0.877833333,0.347333333,0.535666667,0.502666667,0.8295
50,0.6,100,5,6,0.878166667,0.877833333,0.347333333,0.535666667,0.502666667,0.8295
50,0.6,100,35,6,0.8785,0.877833333,0.347333333,0.535666667,0.502666667,0.8295
50,0.6,100,10,6,0.878833333,0.877833333,0.347333333,0.535666667,0.502666667,0.8295
50,0.6,100,50,6,0.875166667,0.877833333,0.347333333,0.535666667,0.502666667,0.8295
50,0.6,85,50,6,0.88,0.877833333,0.347333333,0.535666667,0.502666667,0.8295
50,0.6,85,10,6,0.880833333,0.877833333,0.347333333,0.535666667,0.502666667,0.8295
50,0.05,75,1,10,0.2706,0.272,0.2701,0.2415,0.1791,0.2572
50,0.05,85,25,10,0.2716,0.272,0.2701,0.2415,0.1791,0.2572
50,0.05,100,1,10,0.2711,0.272,0.2701,0.2415,0.1791,0.2572
50,0.05,85,1,10,0.2716,0.272,0.2701,0.2415,0.1791,0.2572
50,0.05,75,25,10,0.2705,0.272,0.2701,0.2415,0.1791,0.2572
50,0.05,100,25,10,0.271,0.272,0.2701,0.2415,0.1791,0.2572
50,0.05,50,1,10,0.2681,0.272,0.2701,0.2415,0.1791,0.2572
50,0.05,65,25,10,0.2697,0.272,0.2701,0.2415,0.1791,0.2572
50,0.05,50,25,10,0.2683,0.272,0.2701,0.2415,0.1791,0.2572
50,0.05,65,1,10,0.1487,0.272,0.2701,0.2415,0.1791,0.2572
50,0.05,75,5,10,0.2707,0.272,0.2701,0.2415,0.1791,0.2572
50,0.05,85,5,10,0.2716,0.272,0.2701,0.2415,0.1791,0.2572
50,0.05,85,35,10,0.2714,0.272,0.2701,0.2415,0.1791,0.2572
50,0.05,75,35,10,0.2706,0.272,0.2701,0.2415,0.1791,0.2572
50,0.05,100,5,10,0.2711,0.272,0.2701,0.2415,0.1791,0.2572
50,0.05,100,35,10,0.2714,0.272,0.2701,0.2415,0.1791,0.2572
50,0.05,50,5,10,0.2687,0.272,0.2701,0.2415,0.1791,0.2572
50,0.05,65,35,10,0.2703,0.272,0.2701,0.2415,0.1791,0.2572
50,0.05,50,35,10,0.2681,0.272,0.2701,0.2415,0.1791,0.2572
50,0.05,65,5,10,0.27,0.272,0.2701,0.2415,0.1791,0.2572
50,0.05,85,50,10,0.2714,0.272,0.2701,0.2415,0.1791,0.2572
50,0.05,75,10,10,0.2706,0.272,0.2701,0.2415,0.1791,0.2572
50,0.05,100,50,10,0.2427,0.272,0.2701,0.2415,0.1791,0.2572
50,0.05,85,10,10,0.2715,0.272,0.2701,0.2415,0.1791,0.2572
50,0.05,75,50,10,0.2709,0.272,0.2701,0.2415,0.1791,0.2572
50,0.05,100,10,10,0.2711,0.272,0.2701,0.2415,0.1791,0.2572
50,0.05,50,10,10,0.2685,0.272,0.2701,0.2415,0.1791,0.2572
50,0.05,65,50,10,0.2699,0.272,0.2701,0.2415,0.1791,0.2572
50,0.05,65,10,10,0.2702,0.272,0.2701,0.2415,0.1791,0.2572
50,0.05,50,50,10,0.2684,0.272,0.2701,0.2415,0.1791,0.2572
50,0.1,75,25,10,0.4758,0.4719,0.39,0.3431,0.2995,0.5049
50,0.1,50,25,10,0.4731,0.4719,0.39,0.3431,0.2995,0.5049
50,0.1,75,1,10,0.4738,0.4719,0.39,0.3431,0.2995,0.5049
50,0.1,50,1,10,0.4759,0.4719,0.39,0.3431,0.2995,0.5049
50,0.1,65,25,10,0.4737,0.4719,0.39,0.3431,0.2995,0.5049
50,0.1,65,1,10,0.1488,0.4719,0.39,0.3431,0.2995,0.5049
50,0.1,50,35,10,0.4741,0.4719,0.39,0.3431,0.2995,0.5049
50,0.1,75,35,10,0.4738,0.4719,0.39,0.3431,0.2995,0.5049
50,0.1,75,5,10,0.472,0.4719,0.39,0.3431,0.2995,0.5049
50,0.1,50,5,10,0.4767,0.4719,0.39,0.3431,0.2995,0.5049
50,0.1,65,35,10,0.4726,0.4719,0.39,0.3431,0.2995,0.5049
50,0.1,65,5,10,0.4758,0.4719,0.39,0.3431,0.2995,0.5049
50,0.1,50,50,10,0.473,0.4719,0.39,0.3431,0.2995,0.5049
50,0.1,75,50,10,0.4758,0.4719,0.39,0.3431,0.2995,0.5049
50,0.1,75,10,10,0.4752,0.4719,0.39,0.3431,0.2995,0.5049
50,0.1,50,10,10,0.4732,0.4719,0.39,0.3431,0.2995,0.5049
50,0.1,65,50,10,0.4748,0.4719,0.39,0.3431,0.2995,0.5049
50,0.1,65,10,10,0.4745,0.4719,0.39,0.3431,0.2995,0.5049
50,0.1,100,25,10,0.4763,0.4719,0.39,0.3431,0.2995,0.5049
50,0.1,100,1,10,0.4746,0.4719,0.39,0.3431,0.2995,0.5049
50,0.1,85,1,10,0.4754,0.4719,0.39,0.3431,0.2995,0.5049
50,0.1,85,25,10,0.4753,0.4719,0.39,0.3431,0.2995,0.5049
50,0.1,100,35,10,0.4772,0.4719,0.39,0.3431,0.2995,0.5049
50,0.1,100,5,10,0.4753,0.4719,0.39,0.3431,0.2995,0.5049
50,0.1,85,5,10,0.4757,0.4719,0.39,0.3431,0.2995,0.5049
50,0.1,85,35,10,0.4751,0.4719,0.39,0.3431,0.2995,0.5049
50,0.1,100,50,10,0.4682,0.4719,0.39,0.3431,0.2995,0.5049
50,0.1,100,10,10,0.4751,0.4719,0.39,0.3431,0.2995,0.5049
50,0.1,85,10,10,0.4777,0.4719,0.39,0.3431,0.2995,0.5049
50,0.1,85,50,10,0.475,0.4719,0.39,0.3431,0.2995,0.5049
50,0.2,50,1,10,0.6456,0.647,0.3922,0.4057,0.3667,0.6806
50,0.2,50,25,10,0.6463,0.647,0.3922,0.4057,0.3667,0.6806
50,0.2,65,1,10,0.1487,0.647,0.3922,0.4057,0.3667,0.6806
50,0.2,65,25,10,0.6492,0.647,0.3922,0.4057,0.3667,0.6806
50,0.2,75,1,10,0.6467,0.647,0.3922,0.4057,0.3667,0.6806
50,0.2,75,25,10,0.645,0.647,0.3922,0.4057,0.3667,0.6806
50,0.2,100,1,10,0.65,0.647,0.3922,0.4057,0.3667,0.6806
50,0.2,100,25,10,0.6449,0.647,0.3922,0.4057,0.3667,0.6806
50,0.2,85,25,10,0.6476,0.647,0.3922,0.4057,0.3667,0.6806
50,0.2,85,1,10,0.6475,0.647,0.3922,0.4057,0.3667,0.6806
50,0.2,100,5,10,0.6476,0.647,0.3922,0.4057,0.3667,0.6806
50,0.2,50,35,10,0.6438,0.647,0.3922,0.4057,0.3667,0.6806
50,0.2,50,5,10,0.646,0.647,0.3922,0.4057,0.3667,0.6806
50,0.2,65,35,10,0.6465,0.647,0.3922,0.4057,0.3667,0.6806
50,0.2,65,5,10,0.646,0.647,0.3922,0.4057,0.3667,0.6806
50,0.2,75,5,10,0.6464,0.647,0.3922,0.4057,0.3667,0.6806
50,0.2,75,35,10,0.6437,0.647,0.3922,0.4057,0.3667,0.6806
50,0.2,100,35,10,0.6493,0.647,0.3922,0.4057,0.3667,0.6806
50,0.2,85,35,10,0.649,0.647,0.3922,0.4057,0.3667,0.6806
50,0.2,85,5,10,0.649,0.647,0.3922,0.4057,0.3667,0.6806
50,0.2,100,10,10,0.6501,0.647,0.3922,0.4057,0.3667,0.6806
50,0.2,100,50,10,0.6437,0.647,0.3922,0.4057,0.3667,0.6806
50,0.2,50,50,10,0.6453,0.647,0.3922,0.4057,0.3667,0.6806
50,0.2,65,50,10,0.6483,0.647,0.3922,0.4057,0.3667,0.6806
50,0.2,65,10,10,0.6477,0.647,0.3922,0.4057,0.3667,0.6806
50,0.2,50,10,10,0.643,0.647,0.3922,0.4057,0.3667,0.6806
50,0.2,75,50,10,0.648,0.647,0.3922,0.4057,0.3667,0.6806
50,0.2,75,10,10,0.6455,0.647,0.3922,0.4057,0.3667,0.6806
50,0.2,85,50,10,0.6491,0.647,0.3922,0.4057,0.3667,0.6806
50,0.2,85,10,10,0.6462,0.647,0.3922,0.4057,0.3667,0.6806
50,0.4,50,1,10,0.8077,0.8065,0.395,0.4736,0.4564,0.798
50,0.4,50,25,10,0.803,0.8065,0.395,0.4736,0.4564,0.798
50,0.4,65,1,10,0.1486,0.8065,0.395,0.4736,0.4564,0.798
50,0.4,50,5,10,0.8053,0.8065,0.395,0.4736,0.4564,0.798
50,0.4,50,35,10,0.8088,0.8065,0.395,0.4736,0.4564,0.798
50,0.4,100,1,10,0.7493,0.8065,0.395,0.4736,0.4564,0.798
50,0.4,85,1,10,0.748,0.8065,0.395,0.4736,0.4564,0.798
50,0.4,65,25,10,0.8074,0.8065,0.395,0.4736,0.4564,0.798
50,0.4,75,1,10,0.8062,0.8065,0.395,0.4736,0.4564,0.798
50,0.4,75,25,10,0.8099,0.8065,0.395,0.4736,0.4564,0.798
50,0.4,100,25,10,0.8069,0.8065,0.395,0.4736,0.4564,0.798
50,0.4,85,25,10,0.8059,0.8065,0.395,0.4736,0.4564,0.798
50,0.4,100,5,10,0.8082,0.8065,0.395,0.4736,0.4564,0.798
50,0.4,65,5,10,0.8061,0.8065,0.395,0.4736,0.4564,0.798
50,0.4,85,5,10,0.8045,0.8065,0.395,0.4736,0.4564,0.798
50,0.4,50,50,10,0.8073,0.8065,0.395,0.4736,0.4564,0.798
50,0.4,50,10,10,0.8046,0.8065,0.395,0.4736,0.4564,0.798
50,0.4,100,35,10,0.8058,0.8065,0.395,0.4736,0.4564,0.798
50,0.4,65,35,10,0.8035,0.8065,0.395,0.4736,0.4564,0.798
50,0.4,75,35,10,0.804,0.8065,0.395,0.4736,0.4564,0.798
50,0.4,75,5,10,0.8073,0.8065,0.395,0.4736,0.4564,0.798
50,0.4,85,35,10,0.8061,0.8065,0.395,0.4736,0.4564,0.798
50,0.4,100,10,10,0.8098,0.8065,0.395,0.4736,0.4564,0.798
50,0.4,100,50,10,0.8027,0.8065,0.395,0.4736,0.4564,0.798
50,0.4,85,10,10,0.8027,0.8065,0.395,0.4736,0.4564,0.798
50,0.4,65,10,10,0.8053,0.8065,0.395,0.4736,0.4564,0.798
50,0.4,75,50,10,0.8053,0.8065,0.395,0.4736,0.4564,0.798
50,0.4,65,50,10,0.8069,0.8065,0.395,0.4736,0.4564,0.798
50,0.4,75,10,10,0.8075,0.8065,0.395,0.4736,0.4564,0.798
50,0.4,85,50,10,0.805,0.8065,0.395,0.4736,0.4564,0.798
50,0.6,50,1,10,0.895,0.8942,0.3945,0.505,0.5276,0.8514
50,0.6,50,25,10,0.8923,0.8942,0.3945,0.505,0.5276,0.8514
50,0.6,65,1,10,0.1486,0.8942,0.3945,0.505,0.5276,0.8514
50,0.6,65,25,10,0.8925,0.8942,0.3945,0.505,0.5276,0.8514
50,0.6,75,1,10,0.8926,0.8942,0.3945,0.505,0.5276,0.8514
50,0.6,75,25,10,0.8936,0.8942,0.3945,0.505,0.5276,0.8514
50,0.6,50,35,10,0.8917,0.8942,0.3945,0.505,0.5276,0.8514
50,0.6,50,5,10,0.8967,0.8942,0.3945,0.505,0.5276,0.8514
50,0.6,65,5,10,0.8926,0.8942,0.3945,0.505,0.5276,0.8514
50,0.6,75,5,10,0.8946,0.8942,0.3945,0.505,0.5276,0.8514
50,0.6,65,35,10,0.8942,0.8942,0.3945,0.505,0.5276,0.8514
50,0.6,85,1,10,0.589,0.8942,0.3945,0.505,0.5276,0.8514
50,0.6,85,25,10,0.8912,0.8942,0.3945,0.505,0.5276,0.8514
50,0.6,75,35,10,0.8934,0.8942,0.3945,0.505,0.5276,0.8514
50,0.6,100,1,10,0.8109,0.8942,0.3945,0.505,0.5276,0.8514
50,0.6,100,25,10,0.8932,0.8942,0.3945,0.505,0.5276,0.8514
50,0.6,50,50,10,0.8939,0.8942,0.3945,0.505,0.5276,0.8514
50,0.6,50,10,10,0.8936,0.8942,0.3945,0.505,0.5276,0.8514
50,0.6,65,10,10,0.8916,0.8942,0.3945,0.505,0.5276,0.8514
50,0.6,75,10,10,0.8933,0.8942,0.3945,0.505,0.5276,0.8514
50,0.6,65,50,10,0.8936,0.8942,0.3945,0.505,0.5276,0.8514
50,0.6,85,5,10,0.8963,0.8942,0.3945,0.505,0.5276,0.8514
50,0.6,85,35,10,0.8968,0.8942,0.3945,0.505,0.5276,0.8514
50,0.6,75,50,10,0.8895,0.8942,0.3945,0.505,0.5276,0.8514
50,0.6,100,5,10,0.8951,0.8942,0.3945,0.505,0.5276,0.8514
50,0.6,100,35,10,0.8954,0.8942,0.3945,0.505,0.5276,0.8514
50,0.6,100,10,10,0.8957,0.8942,0.3945,0.505,0.5276,0.8514
50,0.6,100,50,10,0.8918,0.8942,0.3945,0.505,0.5276,0.8514
50,0.6,85,50,10,0.8929,0.8942,0.3945,0.505,0.5276,0.8514
50,0.6,85,10,10,0.8974,0.8942,0.3945,0.505,0.5276,0.8514
50,0.05,75,1,15,0.326266667,0.3258,0.324333333,0.295666667,0.2236,0.3246
50,0.05,85,25,15,0.3256,0.3258,0.324333333,0.295666667,0.2236,0.3246
50,0.05,85,1,15,0.325666667,0.3258,0.324333333,0.295666667,0.2236,0.3246
50,0.05,100,1,15,0.3266,0.3258,0.324333333,0.295666667,0.2236,0.3246
50,0.05,50,1,15,0.325533333,0.3258,0.324333333,0.295666667,0.2236,0.3246
50,0.05,100,25,15,0.3266,0.3258,0.324333333,0.295666667,0.2236,0.3246
50,0.05,75,25,15,0.326333333,0.3258,0.324333333,0.295666667,0.2236,0.3246
50,0.05,65,25,15,0.325933333,0.3258,0.324333333,0.295666667,0.2236,0.3246
50,0.05,50,25,15,0.325866667,0.3258,0.324333333,0.295666667,0.2236,0.3246
50,0.05,65,1,15,0.183533333,0.3258,0.324333333,0.295666667,0.2236,0.3246
50,0.05,75,5,15,0.326266667,0.3258,0.324333333,0.295666667,0.2236,0.3246
50,0.05,85,35,15,0.3256,0.3258,0.324333333,0.295666667,0.2236,0.3246
50,0.05,75,35,15,0.326266667,0.3258,0.324333333,0.295666667,0.2236,0.3246
50,0.05,85,5,15,0.325666667,0.3258,0.324333333,0.295666667,0.2236,0.3246
50,0.05,100,5,15,0.3266,0.3258,0.324333333,0.295666667,0.2236,0.3246
50,0.05,100,35,15,0.327133333,0.3258,0.324333333,0.295666667,0.2236,0.3246
50,0.05,50,5,15,0.325866667,0.3258,0.324333333,0.295666667,0.2236,0.3246
50,0.05,65,35,15,0.3262,0.3258,0.324333333,0.295666667,0.2236,0.3246
50,0.05,50,35,15,0.326,0.3258,0.324333333,0.295666667,0.2236,0.3246
50,0.05,65,5,15,0.326266667,0.3258,0.324333333,0.295666667,0.2236,0.3246
50,0.05,85,50,15,0.325533333,0.3258,0.324333333,0.295666667,0.2236,0.3246
50,0.05,75,10,15,0.326333333,0.3258,0.324333333,0.295666667,0.2236,0.3246
50,0.05,100,50,15,0.294533333,0.3258,0.324333333,0.295666667,0.2236,0.3246
50,0.05,85,10,15,0.325733333,0.3258,0.324333333,0.295666667,0.2236,0.3246
50,0.05,75,50,15,0.3264,0.3258,0.324333333,0.295666667,0.2236,0.3246
50,0.05,100,10,15,0.3266,0.3258,0.324333333,0.295666667,0.2236,0.3246
50,0.05,50,10,15,0.325866667,0.3258,0.324333333,0.295666667,0.2236,0.3246
50,0.05,65,50,15,0.326466667,0.3258,0.324333333,0.295666667,0.2236,0.3246
50,0.05,65,10,15,0.326666667,0.3258,0.324333333,0.295666667,0.2236,0.3246
50,0.05,50,50,15,0.325733333,0.3258,0.324333333,0.295666667,0.2236,0.3246
50,0.1,50,25,15,0.526133333,0.527533333,0.4374,0.398666667,0.3452,0.5622
50,0.1,75,25,15,0.527133333,0.527533333,0.4374,0.398666667,0.3452,0.5622
50,0.1,75,1,15,0.5248,0.527533333,0.4374,0.398666667,0.3452,0.5622
50,0.1,50,1,15,0.525533333,0.527533333,0.4374,0.398666667,0.3452,0.5622
50,0.1,65,25,15,0.525733333,0.527533333,0.4374,0.398666667,0.3452,0.5622
50,0.1,65,1,15,0.183466667,0.527533333,0.4374,0.398666667,0.3452,0.5622
50,0.1,50,35,15,0.524733333,0.527533333,0.4374,0.398666667,0.3452,0.5622
50,0.1,75,35,15,0.524333333,0.527533333,0.4374,0.398666667,0.3452,0.5622
50,0.1,75,5,15,0.526,0.527533333,0.4374,0.398666667,0.3452,0.5622
50,0.1,50,5,15,0.5258,0.527533333,0.4374,0.398666667,0.3452,0.5622
50,0.1,65,35,15,0.5274,0.527533333,0.4374,0.398666667,0.3452,0.5622
50,0.1,65,5,15,0.524866667,0.527533333,0.4374,0.398666667,0.3452,0.5622
50,0.1,50,50,15,0.5254,0.527533333,0.4374,0.398666667,0.3452,0.5622
50,0.1,75,50,15,0.526466667,0.527533333,0.4374,0.398666667,0.3452,0.5622
50,0.1,75,10,15,0.525733333,0.527533333,0.4374,0.398666667,0.3452,0.5622
50,0.1,50,10,15,0.525066667,0.527533333,0.4374,0.398666667,0.3452,0.5622
50,0.1,65,50,15,0.525333333,0.527533333,0.4374,0.398666667,0.3452,0.5622
50,0.1,65,10,15,0.525,0.527533333,0.4374,0.398666667,0.3452,0.5622
50,0.1,100,25,15,0.529,0.527533333,0.4374,0.398666667,0.3452,0.5622
50,0.1,100,1,15,0.529266667,0.527533333,0.4374,0.398666667,0.3452,0.5622
50,0.1,85,1,15,0.525933333,0.527533333,0.4374,0.398666667,0.3452,0.5622
50,0.1,85,25,15,0.526066667,0.527533333,0.4374,0.398666667,0.3452,0.5622
50,0.1,100,35,15,0.527533333,0.527533333,0.4374,0.398666667,0.3452,0.5622
50,0.1,100,5,15,0.527866667,0.527533333,0.4374,0.398666667,0.3452,0.5622
50,0.1,85,5,15,0.526266667,0.527533333,0.4374,0.398666667,0.3452,0.5622
50,0.1,85,35,15,0.527133333,0.527533333,0.4374,0.398666667,0.3452,0.5622
50,0.1,100,50,15,0.5234,0.527533333,0.4374,0.398666667,0.3452,0.5622
50,0.1,100,10,15,0.5304,0.527533333,0.4374,0.398666667,0.3452,0.5622
50,0.1,85,10,15,0.5258,0.527533333,0.4374,0.398666667,0.3452,0.5622
50,0.1,85,50,15,0.526933333,0.527533333,0.4374,0.398666667,0.3452,0.5622
50,0.2,50,1,15,0.690133333,0.690333333,0.4412,0.440666667,0.4064,0.7166
50,0.2,50,25,15,0.6918,0.690333333,0.4412,0.440666667,0.4064,0.7166
50,0.2,65,1,15,0.183533333,0.690333333,0.4412,0.440666667,0.4064,0.7166
50,0.2,65,25,15,0.6904,0.690333333,0.4412,0.440666667,0.4064,0.7166
50,0.2,75,1,15,0.689066667,0.690333333,0.4412,0.440666667,0.4064,0.7166
50,0.2,100,1,15,0.691866667,0.690333333,0.4412,0.440666667,0.4064,0.7166
50,0.2,75,25,15,0.686533333,0.690333333,0.4412,0.440666667,0.4064,0.7166
50,0.2,100,25,15,0.688933333,0.690333333,0.4412,0.440666667,0.4064,0.7166
50,0.2,85,25,15,0.6916,0.690333333,0.4412,0.440666667,0.4064,0.7166
50,0.2,85,1,15,0.690733333,0.690333333,0.4412,0.440666667,0.4064,0.7166
50,0.2,100,5,15,0.690733333,0.690333333,0.4412,0.440666667,0.4064,0.7166
50,0.2,50,35,15,0.6884,0.690333333,0.4412,0.440666667,0.4064,0.7166
50,0.2,50,5,15,0.689266667,0.690333333,0.4412,0.440666667,0.4064,0.7166
50,0.2,65,35,15,0.686666667,0.690333333,0.4412,0.440666667,0.4064,0.7166
50,0.2,65,5,15,0.690666667,0.690333333,0.4412,0.440666667,0.4064,0.7166
50,0.2,75,5,15,0.691,0.690333333,0.4412,0.440666667,0.4064,0.7166
50,0.2,75,35,15,0.688533333,0.690333333,0.4412,0.440666667,0.4064,0.7166
50,0.2,100,35,15,0.689733333,0.690333333,0.4412,0.440666667,0.4064,0.7166
50,0.2,85,35,15,0.691666667,0.690333333,0.4412,0.440666667,0.4064,0.7166
50,0.2,85,5,15,0.691866667,0.690333333,0.4412,0.440666667,0.4064,0.7166
50,0.2,100,10,15,0.691,0.690333333,0.4412,0.440666667,0.4064,0.7166
50,0.2,50,50,15,0.691133333,0.690333333,0.4412,0.440666667,0.4064,0.7166
50,0.2,65,50,15,0.692133333,0.690333333,0.4412,0.440666667,0.4064,0.7166
50,0.2,100,50,15,0.686466667,0.690333333,0.4412,0.440666667,0.4064,0.7166
50,0.2,65,10,15,0.689866667,0.690333333,0.4412,0.440666667,0.4064,0.7166
50,0.2,50,10,15,0.6888,0.690333333,0.4412,0.440666667,0.4064,0.7166
50,0.2,75,50,15,0.690533333,0.690333333,0.4412,0.440666667,0.4064,0.7166
50,0.2,75,10,15,0.6888,0.690333333,0.4412,0.440666667,0.4064,0.7166
50,0.2,85,50,15,0.688933333,0.690333333,0.4412,0.440666667,0.4064,0.7166
50,0.2,85,10,15,0.6876,0.690333333,0.4412,0.440666667,0.4064,0.7166
50,0.4,50,1,15,0.832533333,0.832866667,0.443466667,0.4784,0.4936,0.824266667
50,0.4,50,25,15,0.831666667,0.832866667,0.443466667,0.4784,0.4936,0.824266667
50,0.4,65,1,15,0.1836,0.832866667,0.443466667,0.4784,0.4936,0.824266667
50,0.4,50,5,15,0.8306,0.832866667,0.443466667,0.4784,0.4936,0.824266667
50,0.4,50,35,15,0.832133333,0.832866667,0.443466667,0.4784,0.4936,0.824266667
50,0.4,100,1,15,0.769866667,0.832866667,0.443466667,0.4784,0.4936,0.824266667
50,0.4,85,1,15,0.769866667,0.832866667,0.443466667,0.4784,0.4936,0.824266667
50,0.4,65,25,15,0.833133333,0.832866667,0.443466667,0.4784,0.4936,0.824266667
50,0.4,75,1,15,0.831333333,0.832866667,0.443466667,0.4784,0.4936,0.824266667
50,0.4,75,25,15,0.835,0.832866667,0.443466667,0.4784,0.4936,0.824266667
50,0.4,100,25,15,0.832466667,0.832866667,0.443466667,0.4784,0.4936,0.824266667
50,0.4,85,25,15,0.834533333,0.832866667,0.443466667,0.4784,0.4936,0.824266667
50,0.4,100,5,15,0.833466667,0.832866667,0.443466667,0.4784,0.4936,0.824266667
50,0.4,65,5,15,0.832866667,0.832866667,0.443466667,0.4784,0.4936,0.824266667
50,0.4,85,5,15,0.829533333,0.832866667,0.443466667,0.4784,0.4936,0.824266667
50,0.4,50,50,15,0.8332,0.832866667,0.443466667,0.4784,0.4936,0.824266667
50,0.4,50,10,15,0.832866667,0.832866667,0.443466667,0.4784,0.4936,0.824266667
50,0.4,100,35,15,0.830466667,0.832866667,0.443466667,0.4784,0.4936,0.824266667
50,0.4,65,35,15,0.832933333,0.832866667,0.443466667,0.4784,0.4936,0.824266667
50,0.4,75,35,15,0.829866667,0.832866667,0.443466667,0.4784,0.4936,0.824266667
50,0.4,75,5,15,0.8336,0.832866667,0.443466667,0.4784,0.4936,0.824266667
50,0.4,85,35,15,0.8324,0.832866667,0.443466667,0.4784,0.4936,0.824266667
50,0.4,100,10,15,0.8334,0.832866667,0.443466667,0.4784,0.4936,0.824266667
50,0.4,85,10,15,0.830933333,0.832866667,0.443466667,0.4784,0.4936,0.824266667
50,0.4,65,10,15,0.830533333,0.832866667,0.443466667,0.4784,0.4936,0.824266667
50,0.4,100,50,15,0.828733333,0.832866667,0.443466667,0.4784,0.4936,0.824266667
50,0.4,75,50,15,0.833533333,0.832866667,0.443466667,0.4784,0.4936,0.824266667
50,0.4,65,50,15,0.834266667,0.832866667,0.443466667,0.4784,0.4936,0.824266667
50,0.4,75,10,15,0.832866667,0.832866667,0.443466667,0.4784,0.4936,0.824266667
50,0.4,85,50,15,0.8318,0.832866667,0.443466667,0.4784,0.4936,0.824266667
50,0.6,50,1,15,0.9096,0.907466667,0.4444,0.497333333,0.563666667,0.871333333
50,0.6,50,25,15,0.909266667,0.907466667,0.4444,0.497333333,0.563666667,0.871333333
50,0.6,65,1,15,0.183466667,0.907466667,0.4444,0.497333333,0.563666667,0.871333333
50,0.6,65,25,15,0.908466667,0.907466667,0.4444,0.497333333,0.563666667,0.871333333
50,0.6,75,1,15,0.908866667,0.907466667,0.4444,0.497333333,0.563666667,0.871333333
50,0.6,75,25,15,0.9098,0.907466667,0.4444,0.497333333,0.563666667,0.871333333
50,0.6,50,35,15,0.910466667,0.907466667,0.4444,0.497333333,0.563666667,0.871333333
50,0.6,50,5,15,0.9082,0.907466667,0.4444,0.497333333,0.563666667,0.871333333
50,0.6,65,5,15,0.9096,0.907466667,0.4444,0.497333333,0.563666667,0.871333333
50,0.6,75,5,15,0.908733333,0.907466667,0.4444,0.497333333,0.563666667,0.871333333
50,0.6,65,35,15,0.907666667,0.907466667,0.4444,0.497333333,0.563666667,0.871333333
50,0.6,85,1,15,0.603733333,0.907466667,0.4444,0.497333333,0.563666667,0.871333333
50,0.6,85,25,15,0.908066667,0.907466667,0.4444,0.497333333,0.563666667,0.871333333
50,0.6,75,35,15,0.906333333,0.907466667,0.4444,0.497333333,0.563666667,0.871333333
50,0.6,100,1,15,0.8258,0.907466667,0.4444,0.497333333,0.563666667,0.871333333
50,0.6,100,25,15,0.908666667,0.907466667,0.4444,0.497333333,0.563666667,0.871333333
50,0.6,50,50,15,0.907066667,0.907466667,0.4444,0.497333333,0.563666667,0.871333333
50,0.6,50,10,15,0.908533333,0.907466667,0.4444,0.497333333,0.563666667,0.871333333
50,0.6,65,10,15,0.9064,0.907466667,0.4444,0.497333333,0.563666667,0.871333333
50,0.6,75,10,15,0.908733333,0.907466667,0.4444,0.497333333,0.563666667,0.871333333
50,0.6,65,50,15,0.908866667,0.907466667,0.4444,0.497333333,0.563666667,0.871333333
50,0.6,85,5,15,0.908266667,0.907466667,0.4444,0.497333333,0.563666667,0.871333333
50,0.6,85,35,15,0.909333333,0.907466667,0.4444,0.497333333,0.563666667,0.871333333
50,0.6,75,50,15,0.907533333,0.907466667,0.4444,0.497333333,0.563666667,0.871333333
50,0.6,100,5,15,0.909266667,0.907466667,0.4444,0.497333333,0.563666667,0.871333333
50,0.6,100,35,15,0.9086,0.907466667,0.4444,0.497333333,0.563666667,0.871333333
50,0.6,100,10,15,0.910066667,0.907466667,0.4444,0.497333333,0.563666667,0.871333333
50,0.6,100,50,15,0.905533333,0.907466667,0.4444,0.497333333,0.563666667,0.871333333
50,0.6,85,50,15,0.907733333,0.907466667,0.4444,0.497333333,0.563666667,0.871333333
50,0.6,85,10,15,0.91,0.907466667,0.4444,0.497333333,0.563666667,0.871333333
