Dimension,Target Ratio,b,alpha,k,DW-PMAD Accuracy,PCA Accuracy,UMAP Accuracy,Isomap Accuracy,KernelPCA Accuracy,MDS Accuracy,Better Method,DW-PMAD Time (s),PCA Time (s),UMAP Time (s),Isomap Time (s),KernelPCA Time (s),MDS Time (s)
200,0.05,100,1,1,0.126666667,0.308333333,0.126666667,0.125,0.153333333,0.33,mds,154.5542435,0.108167245,17.43293887,0.394182682,0.293941108,8.218619833
200,0.05,100,1,3,0.145,0.408888889,0.155555556,0.143333333,0.182777778,0.421666667,mds,154.5542435,0.108167245,17.43293887,0.394182682,0.293941108,8.218619833
200,0.05,100,1,6,0.166666667,0.464166667,0.22,0.207222222,0.216944444,0.493333333,mds,154.5542435,0.108167245,17.43293887,0.394182682,0.293941108,8.218619833
200,0.05,100,1,10,0.207333333,0.5215,0.2775,0.258,0.257166667,0.556,mds,154.5542435,0.108167245,17.43293887,0.394182682,0.293941108,8.218619833
200,0.05,100,1,15,0.246222222,0.569,0.324,0.295666667,0.294111111,0.599888889,mds,154.5542435,0.108167245,17.43293887,0.394182682,0.293941108,8.218619833
200,0.05,100,6,1,0.126666667,0.308333333,0.126666667,0.125,0.153333333,0.33,mds,28.71635759,0.011517161,2.805824497,0.466513064,0.304437711,9.327669801
200,0.05,100,6,3,0.142777778,0.408888889,0.155555556,0.143333333,0.182777778,0.421666667,mds,28.71635759,0.011517161,2.805824497,0.466513064,0.304437711,9.327669801
200,0.05,100,6,6,0.175,0.464166667,0.22,0.207222222,0.216944444,0.493333333,mds,28.71635759,0.011517161,2.805824497,0.466513064,0.304437711,9.327669801
200,0.05,100,6,10,0.215833333,0.5215,0.2775,0.258,0.257166667,0.556,mds,28.71635759,0.011517161,2.805824497,0.466513064,0.304437711,9.327669801
200,0.05,100,6,15,0.253111111,0.569,0.324,0.295666667,0.294111111,0.599888889,mds,28.71635759,0.011517161,2.805824497,0.466513064,0.304437711,9.327669801
200,0.05,100,12,1,0.126666667,0.308333333,0.126666667,0.125,0.153333333,0.33,mds,43.41143279,0.011018855,2.785480033,0.335516084,0.297211417,9.453911379
200,0.05,100,12,3,0.142777778,0.408888889,0.155555556,0.143333333,0.182777778,0.421666667,mds,43.41143279,0.011018855,2.785480033,0.335516084,0.297211417,9.453911379
200,0.05,100,12,6,0.175555556,0.464166667,0.22,0.207222222,0.216944444,0.493333333,mds,43.41143279,0.011018855,2.785480033,0.335516084,0.297211417,9.453911379
200,0.05,100,12,10,0.216166667,0.5215,0.2775,0.258,0.257166667,0.556,mds,43.41143279,0.011018855,2.785480033,0.335516084,0.297211417,9.453911379
200,0.05,100,12,15,0.254666667,0.569,0.324,0.295666667,0.294111111,0.599888889,mds,43.41143279,0.011018855,2.785480033,0.335516084,0.297211417,9.453911379
200,0.05,100,18,1,0.125,0.308333333,0.126666667,0.125,0.153333333,0.33,mds,32.04871017,0.021406722,2.815351994,0.341931009,0.324274657,9.267446358
200,0.05,100,18,3,0.142222222,0.408888889,0.155555556,0.143333333,0.182777778,0.421666667,mds,32.04871017,0.021406722,2.815351994,0.341931009,0.324274657,9.267446358
200,0.05,100,18,6,0.175277778,0.464166667,0.22,0.207222222,0.216944444,0.493333333,mds,32.04871017,0.021406722,2.815351994,0.341931009,0.324274657,9.267446358
200,0.05,100,18,10,0.212333333,0.5215,0.2775,0.258,0.257166667,0.556,mds,32.04871017,0.021406722,2.815351994,0.341931009,0.324274657,9.267446358
200,0.05,100,18,15,0.252777778,0.569,0.324,0.295666667,0.294111111,0.599888889,mds,32.04871017,0.021406722,2.815351994,0.341931009,0.324274657,9.267446358
200,0.05,100,25,1,0.128333333,0.308333333,0.126666667,0.125,0.153333333,0.33,mds,23.13040862,0.010790602,2.820373259,0.317847775,0.280649476,8.183859133
200,0.05,100,25,3,0.14,0.408888889,0.155555556,0.143333333,0.182777778,0.421666667,mds,23.13040862,0.010790602,2.820373259,0.317847775,0.280649476,8.183859133
200,0.05,100,25,6,0.173611111,0.464166667,0.22,0.207222222,0.216944444,0.493333333,mds,23.13040862,0.010790602,2.820373259,0.317847775,0.280649476,8.183859133
200,0.05,100,25,10,0.212666667,0.5215,0.2775,0.258,0.257166667,0.556,mds,23.13040862,0.010790602,2.820373259,0.317847775,0.280649476,8.183859133
200,0.05,100,25,15,0.250111111,0.569,0.324,0.295666667,0.294111111,0.599888889,mds,23.13040862,0.010790602,2.820373259,0.317847775,0.280649476,8.183859133
200,0.05,100,35,1,0.115,0.308333333,0.126666667,0.125,0.153333333,0.33,mds,33.6990725,0.010065881,2.785994422,0.356391816,0.287916605,9.274810503
200,0.05,100,35,3,0.139444444,0.408888889,0.155555556,0.143333333,0.182777778,0.421666667,mds,33.6990725,0.010065881,2.785994422,0.356391816,0.287916605,9.274810503
200,0.05,100,35,6,0.168888889,0.464166667,0.22,0.207222222,0.216944444,0.493333333,mds,33.6990725,0.010065881,2.785994422,0.356391816,0.287916605,9.274810503
200,0.05,100,35,10,0.207333333,0.5215,0.2775,0.258,0.257166667,0.556,mds,33.6990725,0.010065881,2.785994422,0.356391816,0.287916605,9.274810503
200,0.05,100,35,15,0.246666667,0.569,0.324,0.295666667,0.294111111,0.599888889,mds,33.6990725,0.010065881,2.785994422,0.356391816,0.287916605,9.274810503
200,0.05,100,50,1,0.116666667,0.308333333,0.126666667,0.125,0.153333333,0.33,mds,15.40132815,0.010018965,2.783770703,0.322079482,0.395801475,8.087995259
200,0.05,100,50,3,0.138333333,0.408888889,0.155555556,0.143333333,0.182777778,0.421666667,mds,15.40132815,0.010018965,2.783770703,0.322079482,0.395801475,8.087995259
200,0.05,100,50,6,0.1675,0.464166667,0.22,0.207222222,0.216944444,0.493333333,mds,15.40132815,0.010018965,2.783770703,0.322079482,0.395801475,8.087995259
200,0.05,100,50,10,0.205,0.5215,0.2775,0.258,0.257166667,0.556,mds,15.40132815,0.010018965,2.783770703,0.322079482,0.395801475,8.087995259
200,0.05,100,50,15,0.245,0.569,0.324,0.295666667,0.294111111,0.599888889,mds,15.40132815,0.010018965,2.783770703,0.322079482,0.395801475,8.087995259
200,0.05,100,10000,1,0.123333333,0.308333333,0.126666667,0.125,0.153333333,0.33,mds,24.7747502,0.012908738,2.829642974,1.185694308,0.301865933,9.267562914
200,0.05,100,10000,3,0.142222222,0.408888889,0.155555556,0.143333333,0.182777778,0.421666667,mds,24.7747502,0.012908738,2.829642974,1.185694308,0.301865933,9.267562914
200,0.05,100,10000,6,0.166388889,0.464166667,0.22,0.207222222,0.216944444,0.493333333,mds,24.7747502,0.012908738,2.829642974,1.185694308,0.301865933,9.267562914
200,0.05,100,10000,10,0.202,0.5215,0.2775,0.258,0.257166667,0.556,mds,24.7747502,0.012908738,2.829642974,1.185694308,0.301865933,9.267562914
200,0.05,100,10000,15,0.245222222,0.569,0.324,0.295666667,0.294111111,0.599888889,mds,24.7747502,0.012908738,2.829642974,1.185694308,0.301865933,9.267562914
200,0.1,100,1,1,0.196666667,0.475,0.118333333,0.155,0.208333333,0.463333333,pca,255.6717912,0.01074485,3.03460978,0.381620077,0.300446393,8.275441229
200,0.1,100,1,3,0.248888889,0.574444444,0.158333333,0.201666667,0.237777778,0.563333333,pca,255.6717912,0.01074485,3.03460978,0.381620077,0.300446393,8.275441229
200,0.1,100,1,6,0.313888889,0.635833333,0.217777778,0.281388889,0.279166667,0.626111111,pca,255.6717912,0.01074485,3.03460978,0.381620077,0.300446393,8.275441229
200,0.1,100,1,10,0.357833333,0.6875,0.2805,0.3145,0.317833333,0.675333333,pca,255.6717912,0.01074485,3.03460978,0.381620077,0.300446393,8.275441229
200,0.1,100,1,15,0.393,0.718333333,0.321333333,0.340222222,0.353888889,0.715111111,pca,255.6717912,0.01074485,3.03460978,0.381620077,0.300446393,8.275441229
200,0.1,100,6,1,0.195,0.475,0.118333333,0.155,0.208333333,0.463333333,pca,62.9370528,0.009889962,3.031210223,0.480430822,0.312573988,8.748781777
200,0.1,100,6,3,0.245555556,0.574444444,0.158333333,0.201666667,0.237777778,0.563333333,pca,62.9370528,0.009889962,3.031210223,0.480430822,0.312573988,8.748781777
200,0.1,100,6,6,0.309166667,0.635833333,0.217777778,0.281388889,0.279166667,0.626111111,pca,62.9370528,0.009889962,3.031210223,0.480430822,0.312573988,8.748781777
200,0.1,100,6,10,0.357,0.6875,0.2805,0.3145,0.317833333,0.675333333,pca,62.9370528,0.009889962,3.031210223,0.480430822,0.312573988,8.748781777
200,0.1,100,6,15,0.392666667,0.718333333,0.321333333,0.340222222,0.353888889,0.715111111,pca,62.9370528,0.009889962,3.031210223,0.480430822,0.312573988,8.748781777
200,0.1,100,12,1,0.19,0.475,0.118333333,0.155,0.208333333,0.463333333,pca,60.42360555,0.00958142,3.029308184,0.326912549,0.300531344,9.579131928
200,0.1,100,12,3,0.246111111,0.574444444,0.158333333,0.201666667,0.237777778,0.563333333,pca,60.42360555,0.00958142,3.029308184,0.326912549,0.300531344,9.579131928
200,0.1,100,12,6,0.308333333,0.635833333,0.217777778,0.281388889,0.279166667,0.626111111,pca,60.42360555,0.00958142,3.029308184,0.326912549,0.300531344,9.579131928
200,0.1,100,12,10,0.357166667,0.6875,0.2805,0.3145,0.317833333,0.675333333,pca,60.42360555,0.00958142,3.029308184,0.326912549,0.300531344,9.579131928
200,0.1,100,12,15,0.392777778,0.718333333,0.321333333,0.340222222,0.353888889,0.715111111,pca,60.42360555,0.00958142,3.029308184,0.326912549,0.300531344,9.579131928
200,0.1,100,18,1,0.196666667,0.475,0.118333333,0.155,0.208333333,0.463333333,pca,61.75819954,0.01320674,3.111380241,0.317611194,0.301856843,9.587432801
200,0.1,100,18,3,0.248333333,0.574444444,0.158333333,0.201666667,0.237777778,0.563333333,pca,61.75819954,0.01320674,3.111380241,0.317611194,0.301856843,9.587432801
200,0.1,100,18,6,0.310277778,0.635833333,0.217777778,0.281388889,0.279166667,0.626111111,pca,61.75819954,0.01320674,3.111380241,0.317611194,0.301856843,9.587432801
200,0.1,100,18,10,0.356666667,0.6875,0.2805,0.3145,0.317833333,0.675333333,pca,61.75819954,0.01320674,3.111380241,0.317611194,0.301856843,9.587432801
200,0.1,100,18,15,0.392555556,0.718333333,0.321333333,0.340222222,0.353888889,0.715111111,pca,61.75819954,0.01320674,3.111380241,0.317611194,0.301856843,9.587432801
200,0.1,100,25,1,0.2,0.475,0.118333333,0.155,0.208333333,0.463333333,pca,62.61507397,0.009561835,3.060913537,0.346027217,0.307573936,9.459768724
200,0.1,100,25,3,0.243333333,0.574444444,0.158333333,0.201666667,0.237777778,0.563333333,pca,62.61507397,0.009561835,3.060913537,0.346027217,0.307573936,9.459768724
200,0.1,100,25,6,0.306944444,0.635833333,0.217777778,0.281388889,0.279166667,0.626111111,pca,62.61507397,0.009561835,3.060913537,0.346027217,0.307573936,9.459768724
200,0.1,100,25,10,0.357,0.6875,0.2805,0.3145,0.317833333,0.675333333,pca,62.61507397,0.009561835,3.060913537,0.346027217,0.307573936,9.459768724
200,0.1,100,25,15,0.391333333,0.718333333,0.321333333,0.340222222,0.353888889,0.715111111,pca,62.61507397,0.009561835,3.060913537,0.346027217,0.307573936,9.459768724
200,0.1,100,35,1,0.205,0.475,0.118333333,0.155,0.208333333,0.463333333,pca,59.02665196,0.010484657,3.062151445,0.343932543,0.284230734,9.463385409
200,0.1,100,35,3,0.242222222,0.574444444,0.158333333,0.201666667,0.237777778,0.563333333,pca,59.02665196,0.010484657,3.062151445,0.343932543,0.284230734,9.463385409
200,0.1,100,35,6,0.311388889,0.635833333,0.217777778,0.281388889,0.279166667,0.626111111,pca,59.02665196,0.010484657,3.062151445,0.343932543,0.284230734,9.463385409
200,0.1,100,35,10,0.358333333,0.6875,0.2805,0.3145,0.317833333,0.675333333,pca,59.02665196,0.010484657,3.062151445,0.343932543,0.284230734,9.463385409
200,0.1,100,35,15,0.394555556,0.718333333,0.321333333,0.340222222,0.353888889,0.715111111,pca,59.02665196,0.010484657,3.062151445,0.343932543,0.284230734,9.463385409
200,0.1,100,50,1,0.201666667,0.475,0.118333333,0.155,0.208333333,0.463333333,pca,39.24874881,0.010101498,3.027586971,0.351916443,0.520796987,10.88891674
200,0.1,100,50,3,0.241666667,0.574444444,0.158333333,0.201666667,0.237777778,0.563333333,pca,39.24874881,0.010101498,3.027586971,0.351916443,0.520796987,10.88891674
200,0.1,100,50,6,0.308888889,0.635833333,0.217777778,0.281388889,0.279166667,0.626111111,pca,39.24874881,0.010101498,3.027586971,0.351916443,0.520796987,10.88891674
200,0.1,100,50,10,0.353,0.6875,0.2805,0.3145,0.317833333,0.675333333,pca,39.24874881,0.010101498,3.027586971,0.351916443,0.520796987,10.88891674
200,0.1,100,50,15,0.390444444,0.718333333,0.321333333,0.340222222,0.353888889,0.715111111,pca,39.24874881,0.010101498,3.027586971,0.351916443,0.520796987,10.88891674
200,0.1,100,10000,1,0.191666667,0.475,0.118333333,0.155,0.208333333,0.463333333,pca,77.78283328,0.013975837,3.029368203,0.701557337,0.304273624,9.427377398
200,0.1,100,10000,3,0.241111111,0.574444444,0.158333333,0.201666667,0.237777778,0.563333333,pca,77.78283328,0.013975837,3.029368203,0.701557337,0.304273624,9.427377398
200,0.1,100,10000,6,0.308611111,0.635833333,0.217777778,0.281388889,0.279166667,0.626111111,pca,77.78283328,0.013975837,3.029368203,0.701557337,0.304273624,9.427377398
200,0.1,100,10000,10,0.354166667,0.6875,0.2805,0.3145,0.317833333,0.675333333,pca,77.78283328,0.013975837,3.029368203,0.701557337,0.304273624,9.427377398
200,0.1,100,10000,15,0.391777778,0.718333333,0.321333333,0.340222222,0.353888889,0.715111111,pca,77.78283328,0.013975837,3.029368203,0.701557337,0.304273624,9.427377398
200,0.2,100,1,1,0.351666667,0.685,0.105,0.198333333,0.28,0.59,pca,541.2755761,0.266178583,3.40415608,0.557221093,0.304523024,9.872145292
200,0.2,100,1,3,0.414444444,0.736111111,0.148333333,0.277777778,0.325555556,0.673888889,pca,541.2755761,0.266178583,3.40415608,0.557221093,0.304523024,9.872145292
200,0.2,100,1,6,0.473333333,0.784444444,0.215277778,0.373888889,0.371944444,0.724166667,pca,541.2755761,0.266178583,3.40415608,0.557221093,0.304523024,9.872145292
200,0.2,100,1,10,0.516833333,0.821,0.276833333,0.375666667,0.4085,0.762,pca,541.2755761,0.266178583,3.40415608,0.557221093,0.304523024,9.872145292
200,0.2,100,1,15,0.555555556,0.836,0.319555556,0.377222222,0.441,0.788333333,pca,541.2755761,0.266178583,3.40415608,0.557221093,0.304523024,9.872145292
200,0.2,100,6,1,0.343333333,0.685,0.105,0.198333333,0.28,0.59,pca,144.8791667,0.483400215,3.405687196,1.292285212,1.148874234,10.96675325
200,0.2,100,6,3,0.416111111,0.736111111,0.148333333,0.277777778,0.325555556,0.673888889,pca,144.8791667,0.483400215,3.405687196,1.292285212,1.148874234,10.96675325
200,0.2,100,6,6,0.473055556,0.784444444,0.215277778,0.373888889,0.371944444,0.724166667,pca,144.8791667,0.483400215,3.405687196,1.292285212,1.148874234,10.96675325
200,0.2,100,6,10,0.518833333,0.821,0.276833333,0.375666667,0.4085,0.762,pca,144.8791667,0.483400215,3.405687196,1.292285212,1.148874234,10.96675325
200,0.2,100,6,15,0.556111111,0.836,0.319555556,0.377222222,0.441,0.788333333,pca,144.8791667,0.483400215,3.405687196,1.292285212,1.148874234,10.96675325
200,0.2,100,12,1,0.336666667,0.685,0.105,0.198333333,0.28,0.59,pca,153.6728715,0.413935434,3.395769943,2.800164216,0.319913536,9.850643664
200,0.2,100,12,3,0.415,0.736111111,0.148333333,0.277777778,0.325555556,0.673888889,pca,153.6728715,0.413935434,3.395769943,2.800164216,0.319913536,9.850643664
200,0.2,100,12,6,0.471111111,0.784444444,0.215277778,0.373888889,0.371944444,0.724166667,pca,153.6728715,0.413935434,3.395769943,2.800164216,0.319913536,9.850643664
200,0.2,100,12,10,0.514,0.821,0.276833333,0.375666667,0.4085,0.762,pca,153.6728715,0.413935434,3.395769943,2.800164216,0.319913536,9.850643664
200,0.2,100,12,15,0.556777778,0.836,0.319555556,0.377222222,0.441,0.788333333,pca,153.6728715,0.413935434,3.395769943,2.800164216,0.319913536,9.850643664
200,0.2,100,18,1,0.345,0.685,0.105,0.198333333,0.28,0.59,pca,119.0886867,0.343463002,3.420319851,0.408176103,0.252931965,9.78662685
200,0.2,100,18,3,0.417222222,0.736111111,0.148333333,0.277777778,0.325555556,0.673888889,pca,119.0886867,0.343463002,3.420319851,0.408176103,0.252931965,9.78662685
200,0.2,100,18,6,0.471944444,0.784444444,0.215277778,0.373888889,0.371944444,0.724166667,pca,119.0886867,0.343463002,3.420319851,0.408176103,0.252931965,9.78662685
200,0.2,100,18,10,0.515833333,0.821,0.276833333,0.375666667,0.4085,0.762,pca,119.0886867,0.343463002,3.420319851,0.408176103,0.252931965,9.78662685
200,0.2,100,18,15,0.557777778,0.836,0.319555556,0.377222222,0.441,0.788333333,pca,119.0886867,0.343463002,3.420319851,0.408176103,0.252931965,9.78662685
200,0.2,100,25,1,0.336666667,0.685,0.105,0.198333333,0.28,0.59,pca,128.3844071,0.220116303,3.366254873,0.493697641,0.371814678,10.12792329
200,0.2,100,25,3,0.411666667,0.736111111,0.148333333,0.277777778,0.325555556,0.673888889,pca,128.3844071,0.220116303,3.366254873,0.493697641,0.371814678,10.12792329
200,0.2,100,25,6,0.470277778,0.784444444,0.215277778,0.373888889,0.371944444,0.724166667,pca,128.3844071,0.220116303,3.366254873,0.493697641,0.371814678,10.12792329
200,0.2,100,25,10,0.515,0.821,0.276833333,0.375666667,0.4085,0.762,pca,128.3844071,0.220116303,3.366254873,0.493697641,0.371814678,10.12792329
200,0.2,100,25,15,0.555444444,0.836,0.319555556,0.377222222,0.441,0.788333333,pca,128.3844071,0.220116303,3.366254873,0.493697641,0.371814678,10.12792329
200,0.2,100,35,1,0.336666667,0.685,0.105,0.198333333,0.28,0.59,pca,171.8851614,0.477127563,3.408471006,0.427579278,0.3358257,10.7359726
200,0.2,100,35,3,0.417222222,0.736111111,0.148333333,0.277777778,0.325555556,0.673888889,pca,171.8851614,0.477127563,3.408471006,0.427579278,0.3358257,10.7359726
200,0.2,100,35,6,0.475277778,0.784444444,0.215277778,0.373888889,0.371944444,0.724166667,pca,171.8851614,0.477127563,3.408471006,0.427579278,0.3358257,10.7359726
200,0.2,100,35,10,0.518,0.821,0.276833333,0.375666667,0.4085,0.762,pca,171.8851614,0.477127563,3.408471006,0.427579278,0.3358257,10.7359726
200,0.2,100,35,15,0.562,0.836,0.319555556,0.377222222,0.441,0.788333333,pca,171.8851614,0.477127563,3.408471006,0.427579278,0.3358257,10.7359726
200,0.2,100,50,1,0.33,0.685,0.105,0.198333333,0.28,0.59,pca,93.63990483,0.39982647,3.385223668,0.426766248,0.324029664,9.694308705
200,0.2,100,50,3,0.412222222,0.736111111,0.148333333,0.277777778,0.325555556,0.673888889,pca,93.63990483,0.39982647,3.385223668,0.426766248,0.324029664,9.694308705
200,0.2,100,50,6,0.466666667,0.784444444,0.215277778,0.373888889,0.371944444,0.724166667,pca,93.63990483,0.39982647,3.385223668,0.426766248,0.324029664,9.694308705
200,0.2,100,50,10,0.513666667,0.821,0.276833333,0.375666667,0.4085,0.762,pca,93.63990483,0.39982647,3.385223668,0.426766248,0.324029664,9.694308705
200,0.2,100,50,15,0.552444444,0.836,0.319555556,0.377222222,0.441,0.788333333,pca,93.63990483,0.39982647,3.385223668,0.426766248,0.324029664,9.694308705
200,0.2,100,10000,1,0.333333333,0.685,0.105,0.198333333,0.28,0.59,pca,195.1500727,0.257467673,3.393125043,0.374933282,0.331871091,9.859905252
200,0.2,100,10000,3,0.41,0.736111111,0.148333333,0.277777778,0.325555556,0.673888889,pca,195.1500727,0.257467673,3.393125043,0.374933282,0.331871091,9.859905252
200,0.2,100,10000,6,0.468888889,0.784444444,0.215277778,0.373888889,0.371944444,0.724166667,pca,195.1500727,0.257467673,3.393125043,0.374933282,0.331871091,9.859905252
200,0.2,100,10000,10,0.515666667,0.821,0.276833333,0.375666667,0.4085,0.762,pca,195.1500727,0.257467673,3.393125043,0.374933282,0.331871091,9.859905252
200,0.2,100,10000,15,0.555777778,0.836,0.319555556,0.377222222,0.441,0.788333333,pca,195.1500727,0.257467673,3.393125043,0.374933282,0.331871091,9.859905252
200,0.4,100,1,1,0.565,0.865,0.121666667,0.246666667,0.365,0.691666667,pca,1111.331402,1.039750734,4.212111242,0.37613413,0.503632699,12.63205028
200,0.4,100,1,3,0.612222222,0.875555556,0.153333333,0.366666667,0.447777778,0.732222222,pca,1111.331402,1.039750734,4.212111242,0.37613413,0.503632699,12.63205028
200,0.4,100,1,6,0.661111111,0.903055556,0.216944444,0.471388889,0.498888889,0.770277778,pca,1111.331402,1.039750734,4.212111242,0.37613413,0.503632699,12.63205028
200,0.4,100,1,10,0.697833333,0.918333333,0.28,0.425833333,0.542166667,0.803166667,pca,1111.331402,1.039750734,4.212111242,0.37613413,0.503632699,12.63205028
200,0.4,100,1,15,0.725333333,0.930333333,0.326777778,0.412333333,0.569111111,0.835111111,pca,1111.331402,1.039750734,4.212111242,0.37613413,0.503632699,12.63205028
200,0.4,100,6,1,0.568333333,0.865,0.121666667,0.246666667,0.365,0.691666667,pca,387.2603428,0.614896291,4.486645212,3.999747665,1.479814026,10.60387495
200,0.4,100,6,3,0.598888889,0.875555556,0.153333333,0.366666667,0.447777778,0.732222222,pca,387.2603428,0.614896291,4.486645212,3.999747665,1.479814026,10.60387495
200,0.4,100,6,6,0.654166667,0.903055556,0.216944444,0.471388889,0.498888889,0.770277778,pca,387.2603428,0.614896291,4.486645212,3.999747665,1.479814026,10.60387495
200,0.4,100,6,10,0.692,0.918333333,0.28,0.425833333,0.542166667,0.803166667,pca,387.2603428,0.614896291,4.486645212,3.999747665,1.479814026,10.60387495
200,0.4,100,6,15,0.719777778,0.930333333,0.326777778,0.412333333,0.569111111,0.835111111,pca,387.2603428,0.614896291,4.486645212,3.999747665,1.479814026,10.60387495
200,0.4,100,12,1,0.558333333,0.865,0.121666667,0.246666667,0.365,0.691666667,pca,438.6985883,0.668188218,4.797877685,0.888443647,0.503664063,12.79196721
200,0.4,100,12,3,0.6,0.875555556,0.153333333,0.366666667,0.447777778,0.732222222,pca,438.6985883,0.668188218,4.797877685,0.888443647,0.503664063,12.79196721
200,0.4,100,12,6,0.653888889,0.903055556,0.216944444,0.471388889,0.498888889,0.770277778,pca,438.6985883,0.668188218,4.797877685,0.888443647,0.503664063,12.79196721
200,0.4,100,12,10,0.688666667,0.918333333,0.28,0.425833333,0.542166667,0.803166667,pca,438.6985883,0.668188218,4.797877685,0.888443647,0.503664063,12.79196721
200,0.4,100,12,15,0.717444444,0.930333333,0.326777778,0.412333333,0.569111111,0.835111111,pca,438.6985883,0.668188218,4.797877685,0.888443647,0.503664063,12.79196721
200,0.4,100,18,1,0.55,0.865,0.121666667,0.246666667,0.365,0.691666667,pca,374.2324436,0.977191015,4.19796703,0.465738399,0.48394724,13.14406188
200,0.4,100,18,3,0.6,0.875555556,0.153333333,0.366666667,0.447777778,0.732222222,pca,374.2324436,0.977191015,4.19796703,0.465738399,0.48394724,13.14406188
200,0.4,100,18,6,0.649166667,0.903055556,0.216944444,0.471388889,0.498888889,0.770277778,pca,374.2324436,0.977191015,4.19796703,0.465738399,0.48394724,13.14406188
200,0.4,100,18,10,0.688833333,0.918333333,0.28,0.425833333,0.542166667,0.803166667,pca,374.2324436,0.977191015,4.19796703,0.465738399,0.48394724,13.14406188
200,0.4,100,18,15,0.714888889,0.930333333,0.326777778,0.412333333,0.569111111,0.835111111,pca,374.2324436,0.977191015,4.19796703,0.465738399,0.48394724,13.14406188
200,0.4,100,25,1,0.546666667,0.865,0.121666667,0.246666667,0.365,0.691666667,pca,368.474186,2.138982692,4.535578801,3.88647516,1.885126563,10.66646315
200,0.4,100,25,3,0.597222222,0.875555556,0.153333333,0.366666667,0.447777778,0.732222222,pca,368.474186,2.138982692,4.535578801,3.88647516,1.885126563,10.66646315
200,0.4,100,25,6,0.648888889,0.903055556,0.216944444,0.471388889,0.498888889,0.770277778,pca,368.474186,2.138982692,4.535578801,3.88647516,1.885126563,10.66646315
200,0.4,100,25,10,0.6875,0.918333333,0.28,0.425833333,0.542166667,0.803166667,pca,368.474186,2.138982692,4.535578801,3.88647516,1.885126563,10.66646315
200,0.4,100,25,15,0.714666667,0.930333333,0.326777778,0.412333333,0.569111111,0.835111111,pca,368.474186,2.138982692,4.535578801,3.88647516,1.885126563,10.66646315
200,0.4,100,35,1,0.555,0.865,0.121666667,0.246666667,0.365,0.691666667,pca,431.4648252,1.192242964,4.280137286,0.455695027,0.423887655,11.55194862
200,0.4,100,35,3,0.595555556,0.875555556,0.153333333,0.366666667,0.447777778,0.732222222,pca,431.4648252,1.192242964,4.280137286,0.455695027,0.423887655,11.55194862
200,0.4,100,35,6,0.6525,0.903055556,0.216944444,0.471388889,0.498888889,0.770277778,pca,431.4648252,1.192242964,4.280137286,0.455695027,0.423887655,11.55194862
200,0.4,100,35,10,0.690666667,0.918333333,0.28,0.425833333,0.542166667,0.803166667,pca,431.4648252,1.192242964,4.280137286,0.455695027,0.423887655,11.55194862
200,0.4,100,35,15,0.718111111,0.930333333,0.326777778,0.412333333,0.569111111,0.835111111,pca,431.4648252,1.192242964,4.280137286,0.455695027,0.423887655,11.55194862
200,0.4,100,50,1,0.553333333,0.865,0.121666667,0.246666667,0.365,0.691666667,pca,310.4785147,0.730990382,4.428294563,1.255663907,1.216947699,11.43458543
200,0.4,100,50,3,0.600555556,0.875555556,0.153333333,0.366666667,0.447777778,0.732222222,pca,310.4785147,0.730990382,4.428294563,1.255663907,1.216947699,11.43458543
200,0.4,100,50,6,0.6525,0.903055556,0.216944444,0.471388889,0.498888889,0.770277778,pca,310.4785147,0.730990382,4.428294563,1.255663907,1.216947699,11.43458543
200,0.4,100,50,10,0.690166667,0.918333333,0.28,0.425833333,0.542166667,0.803166667,pca,310.4785147,0.730990382,4.428294563,1.255663907,1.216947699,11.43458543
200,0.4,100,50,15,0.718777778,0.930333333,0.326777778,0.412333333,0.569111111,0.835111111,pca,310.4785147,0.730990382,4.428294563,1.255663907,1.216947699,11.43458543
200,0.4,100,10000,1,0.543333333,0.865,0.121666667,0.246666667,0.365,0.691666667,pca,370.5183557,0.66535384,4.529004951,2.49505759,0.393208664,10.6185028
200,0.4,100,10000,3,0.578333333,0.875555556,0.153333333,0.366666667,0.447777778,0.732222222,pca,370.5183557,0.66535384,4.529004951,2.49505759,0.393208664,10.6185028
200,0.4,100,10000,6,0.625833333,0.903055556,0.216944444,0.471388889,0.498888889,0.770277778,pca,370.5183557,0.66535384,4.529004951,2.49505759,0.393208664,10.6185028
200,0.4,100,10000,10,0.6585,0.918333333,0.28,0.425833333,0.542166667,0.803166667,pca,370.5183557,0.66535384,4.529004951,2.49505759,0.393208664,10.6185028
200,0.4,100,10000,15,0.689222222,0.930333333,0.326777778,0.412333333,0.569111111,0.835111111,pca,370.5183557,0.66535384,4.529004951,2.49505759,0.393208664,10.6185028
200,0.6,100,1,1,0.685,0.938333333,0.116666667,0.266666667,0.46,0.691666667,pca,1670.145937,1.044803788,5.028729334,0.435198945,1.672650249,12.51099619
200,0.6,100,1,3,0.726111111,0.953888889,0.152222222,0.417777778,0.532777778,0.758333333,pca,1670.145937,1.044803788,5.028729334,0.435198945,1.672650249,12.51099619
200,0.6,100,1,6,0.768333333,0.953055556,0.214166667,0.526666667,0.588055556,0.799444444,pca,1670.145937,1.044803788,5.028729334,0.435198945,1.672650249,12.51099619
200,0.6,100,1,10,0.786833333,0.9655,0.276666667,0.456833333,0.630666667,0.838,pca,1670.145937,1.044803788,5.028729334,0.435198945,1.672650249,12.51099619
200,0.6,100,1,15,0.809111111,0.969333333,0.324555556,0.430777778,0.659,0.856666667,pca,1670.145937,1.044803788,5.028729334,0.435198945,1.672650249,12.51099619
200,0.6,100,6,1,0.693333333,0.938333333,0.116666667,0.266666667,0.46,0.691666667,pca,657.5986227,1.057856696,5.084301835,0.376947939,0.356712152,11.06053051
200,0.6,100,6,3,0.726666667,0.953888889,0.152222222,0.417777778,0.532777778,0.758333333,pca,657.5986227,1.057856696,5.084301835,0.376947939,0.356712152,11.06053051
200,0.6,100,6,6,0.770833333,0.953055556,0.214166667,0.526666667,0.588055556,0.799444444,pca,657.5986227,1.057856696,5.084301835,0.376947939,0.356712152,11.06053051
200,0.6,100,6,10,0.791333333,0.9655,0.276666667,0.456833333,0.630666667,0.838,pca,657.5986227,1.057856696,5.084301835,0.376947939,0.356712152,11.06053051
200,0.6,100,6,15,0.813333333,0.969333333,0.324555556,0.430777778,0.659,0.856666667,pca,657.5986227,1.057856696,5.084301835,0.376947939,0.356712152,11.06053051
200,0.6,100,12,1,0.675,0.938333333,0.116666667,0.266666667,0.46,0.691666667,pca,775.7294024,1.12088113,5.058040427,0.48560552,0.532462168,13.00757594
200,0.6,100,12,3,0.725555556,0.953888889,0.152222222,0.417777778,0.532777778,0.758333333,pca,775.7294024,1.12088113,5.058040427,0.48560552,0.532462168,13.00757594
200,0.6,100,12,6,0.765555556,0.953055556,0.214166667,0.526666667,0.588055556,0.799444444,pca,775.7294024,1.12088113,5.058040427,0.48560552,0.532462168,13.00757594
200,0.6,100,12,10,0.788333333,0.9655,0.276666667,0.456833333,0.630666667,0.838,pca,775.7294024,1.12088113,5.058040427,0.48560552,0.532462168,13.00757594
200,0.6,100,12,15,0.810222222,0.969333333,0.324555556,0.430777778,0.659,0.856666667,pca,775.7294024,1.12088113,5.058040427,0.48560552,0.532462168,13.00757594
200,0.6,100,18,1,0.675,0.938333333,0.116666667,0.266666667,0.46,0.691666667,pca,564.1631497,1.258210174,5.025199269,0.398801693,0.584094914,11.05030784
200,0.6,100,18,3,0.721666667,0.953888889,0.152222222,0.417777778,0.532777778,0.758333333,pca,564.1631497,1.258210174,5.025199269,0.398801693,0.584094914,11.05030784
200,0.6,100,18,6,0.766111111,0.953055556,0.214166667,0.526666667,0.588055556,0.799444444,pca,564.1631497,1.258210174,5.025199269,0.398801693,0.584094914,11.05030784
200,0.6,100,18,10,0.784,0.9655,0.276666667,0.456833333,0.630666667,0.838,pca,564.1631497,1.258210174,5.025199269,0.398801693,0.584094914,11.05030784
200,0.6,100,18,15,0.808777778,0.969333333,0.324555556,0.430777778,0.659,0.856666667,pca,564.1631497,1.258210174,5.025199269,0.398801693,0.584094914,11.05030784
200,0.6,100,25,1,0.683333333,0.938333333,0.116666667,0.266666667,0.46,0.691666667,pca,721.6920122,0.898366276,5.063844798,0.486536533,0.432441958,11.20748264
200,0.6,100,25,3,0.717777778,0.953888889,0.152222222,0.417777778,0.532777778,0.758333333,pca,721.6920122,0.898366276,5.063844798,0.486536533,0.432441958,11.20748264
200,0.6,100,25,6,0.769166667,0.953055556,0.214166667,0.526666667,0.588055556,0.799444444,pca,721.6920122,0.898366276,5.063844798,0.486536533,0.432441958,11.20748264
200,0.6,100,25,10,0.787333333,0.9655,0.276666667,0.456833333,0.630666667,0.838,pca,721.6920122,0.898366276,5.063844798,0.486536533,0.432441958,11.20748264
200,0.6,100,25,15,0.808777778,0.969333333,0.324555556,0.430777778,0.659,0.856666667,pca,721.6920122,0.898366276,5.063844798,0.486536533,0.432441958,11.20748264
200,0.6,100,35,1,0.676666667,0.938333333,0.116666667,0.266666667,0.46,0.691666667,pca,806.164238,0.98082517,5.040756499,0.486894588,0.516264255,15.79551085
200,0.6,100,35,3,0.723888889,0.953888889,0.152222222,0.417777778,0.532777778,0.758333333,pca,806.164238,0.98082517,5.040756499,0.486894588,0.516264255,15.79551085
200,0.6,100,35,6,0.764722222,0.953055556,0.214166667,0.526666667,0.588055556,0.799444444,pca,806.164238,0.98082517,5.040756499,0.486894588,0.516264255,15.79551085
200,0.6,100,35,10,0.785,0.9655,0.276666667,0.456833333,0.630666667,0.838,pca,806.164238,0.98082517,5.040756499,0.486894588,0.516264255,15.79551085
200,0.6,100,35,15,0.811555556,0.969333333,0.324555556,0.430777778,0.659,0.856666667,pca,806.164238,0.98082517,5.040756499,0.486894588,0.516264255,15.79551085
200,0.6,100,50,1,0.688333333,0.938333333,0.116666667,0.266666667,0.46,0.691666667,pca,656.0269186,0.920739828,5.039858116,0.47599049,0.460489193,12.84744596
200,0.6,100,50,3,0.721111111,0.953888889,0.152222222,0.417777778,0.532777778,0.758333333,pca,656.0269186,0.920739828,5.039858116,0.47599049,0.460489193,12.84744596
200,0.6,100,50,6,0.771111111,0.953055556,0.214166667,0.526666667,0.588055556,0.799444444,pca,656.0269186,0.920739828,5.039858116,0.47599049,0.460489193,12.84744596
200,0.6,100,50,10,0.7895,0.9655,0.276666667,0.456833333,0.630666667,0.838,pca,656.0269186,0.920739828,5.039858116,0.47599049,0.460489193,12.84744596
200,0.6,100,50,15,0.811888889,0.969333333,0.324555556,0.430777778,0.659,0.856666667,pca,656.0269186,0.920739828,5.039858116,0.47599049,0.460489193,12.84744596
200,0.6,100,10000,1,0.678333333,0.938333333,0.116666667,0.266666667,0.46,0.691666667,pca,581.5171437,0.972800957,4.976256923,0.380116552,0.375437235,11.00411485
200,0.6,100,10000,3,0.703888889,0.953888889,0.152222222,0.417777778,0.532777778,0.758333333,pca,581.5171437,0.972800957,4.976256923,0.380116552,0.375437235,11.00411485
200,0.6,100,10000,6,0.754444444,0.953055556,0.214166667,0.526666667,0.588055556,0.799444444,pca,581.5171437,0.972800957,4.976256923,0.380116552,0.375437235,11.00411485
200,0.6,100,10000,10,0.775,0.9655,0.276666667,0.456833333,0.630666667,0.838,pca,581.5171437,0.972800957,4.976256923,0.380116552,0.375437235,11.00411485
200,0.6,100,10000,15,0.797333333,0.969333333,0.324555556,0.430777778,0.659,0.856666667,pca,581.5171437,0.972800957,4.976256923,0.380116552,0.375437235,11.00411485
200,0.05,90,1,1,0.125,0.308333333,0.126666667,0.125,0.153333333,0.33,mds,52.02892265,0.098634099,17.71826002,0.387664771,0.3136859,8.821559336
200,0.05,90,1,3,0.14,0.408888889,0.155555556,0.143333333,0.182777778,0.421666667,mds,52.02892265,0.098634099,17.71826002,0.387664771,0.3136859,8.821559336
200,0.05,90,1,6,0.171388889,0.464166667,0.22,0.207222222,0.216944444,0.493333333,mds,52.02892265,0.098634099,17.71826002,0.387664771,0.3136859,8.821559336
200,0.05,90,1,10,0.209833333,0.5215,0.2775,0.258,0.257166667,0.556,mds,52.02892265,0.098634099,17.71826002,0.387664771,0.3136859,8.821559336
200,0.05,90,1,15,0.245666667,0.569,0.324,0.295666667,0.294111111,0.599888889,mds,52.02892265,0.098634099,17.71826002,0.387664771,0.3136859,8.821559336
200,0.05,90,6,1,0.126666667,0.308333333,0.126666667,0.125,0.153333333,0.33,mds,21.37406904,0.010785223,2.796114325,0.323092877,0.306639602,9.300058316
200,0.05,90,6,3,0.140555556,0.408888889,0.155555556,0.143333333,0.182777778,0.421666667,mds,21.37406904,0.010785223,2.796114325,0.323092877,0.306639602,9.300058316
200,0.05,90,6,6,0.170833333,0.464166667,0.22,0.207222222,0.216944444,0.493333333,mds,21.37406904,0.010785223,2.796114325,0.323092877,0.306639602,9.300058316
200,0.05,90,6,10,0.21,0.5215,0.2775,0.258,0.257166667,0.556,mds,21.37406904,0.010785223,2.796114325,0.323092877,0.306639602,9.300058316
200,0.05,90,6,15,0.247888889,0.569,0.324,0.295666667,0.294111111,0.599888889,mds,21.37406904,0.010785223,2.796114325,0.323092877,0.306639602,9.300058316
200,0.05,90,12,1,0.12,0.308333333,0.126666667,0.125,0.153333333,0.33,mds,27.85427613,0.010437577,2.803956261,0.340803349,1.378752779,9.221795392
200,0.05,90,12,3,0.137777778,0.408888889,0.155555556,0.143333333,0.182777778,0.421666667,mds,27.85427613,0.010437577,2.803956261,0.340803349,1.378752779,9.221795392
200,0.05,90,12,6,0.168888889,0.464166667,0.22,0.207222222,0.216944444,0.493333333,mds,27.85427613,0.010437577,2.803956261,0.340803349,1.378752779,9.221795392
200,0.05,90,12,10,0.207833333,0.5215,0.2775,0.258,0.257166667,0.556,mds,27.85427613,0.010437577,2.803956261,0.340803349,1.378752779,9.221795392
200,0.05,90,12,15,0.245333333,0.569,0.324,0.295666667,0.294111111,0.599888889,mds,27.85427613,0.010437577,2.803956261,0.340803349,1.378752779,9.221795392
200,0.05,90,18,1,0.123333333,0.308333333,0.126666667,0.125,0.153333333,0.33,mds,29.93583975,0.010697844,2.795497248,0.390502235,0.290646185,9.235797011
200,0.05,90,18,3,0.139444444,0.408888889,0.155555556,0.143333333,0.182777778,0.421666667,mds,29.93583975,0.010697844,2.795497248,0.390502235,0.290646185,9.235797011
200,0.05,90,18,6,0.168055556,0.464166667,0.22,0.207222222,0.216944444,0.493333333,mds,29.93583975,0.010697844,2.795497248,0.390502235,0.290646185,9.235797011
200,0.05,90,18,10,0.204,0.5215,0.2775,0.258,0.257166667,0.556,mds,29.93583975,0.010697844,2.795497248,0.390502235,0.290646185,9.235797011
200,0.05,90,18,15,0.244222222,0.569,0.324,0.295666667,0.294111111,0.599888889,mds,29.93583975,0.010697844,2.795497248,0.390502235,0.290646185,9.235797011
200,0.05,90,25,1,0.123333333,0.308333333,0.126666667,0.125,0.153333333,0.33,mds,27.96591963,0.014044758,2.856866613,0.319809794,0.331592418,9.193272836
200,0.05,90,25,3,0.139444444,0.408888889,0.155555556,0.143333333,0.182777778,0.421666667,mds,27.96591963,0.014044758,2.856866613,0.319809794,0.331592418,9.193272836
200,0.05,90,25,6,0.168611111,0.464166667,0.22,0.207222222,0.216944444,0.493333333,mds,27.96591963,0.014044758,2.856866613,0.319809794,0.331592418,9.193272836
200,0.05,90,25,10,0.203666667,0.5215,0.2775,0.258,0.257166667,0.556,mds,27.96591963,0.014044758,2.856866613,0.319809794,0.331592418,9.193272836
200,0.05,90,25,15,0.244333333,0.569,0.324,0.295666667,0.294111111,0.599888889,mds,27.96591963,0.014044758,2.856866613,0.319809794,0.331592418,9.193272836
200,0.05,90,35,1,0.121666667,0.308333333,0.126666667,0.125,0.153333333,0.33,mds,27.51009189,0.011566608,2.789328724,0.31467275,0.33189073,9.287804444
200,0.05,90,35,3,0.142777778,0.408888889,0.155555556,0.143333333,0.182777778,0.421666667,mds,27.51009189,0.011566608,2.789328724,0.31467275,0.33189073,9.287804444
200,0.05,90,35,6,0.168333333,0.464166667,0.22,0.207222222,0.216944444,0.493333333,mds,27.51009189,0.011566608,2.789328724,0.31467275,0.33189073,9.287804444
200,0.05,90,35,10,0.202666667,0.5215,0.2775,0.258,0.257166667,0.556,mds,27.51009189,0.011566608,2.789328724,0.31467275,0.33189073,9.287804444
200,0.05,90,35,15,0.245444444,0.569,0.324,0.295666667,0.294111111,0.599888889,mds,27.51009189,0.011566608,2.789328724,0.31467275,0.33189073,9.287804444
200,0.05,90,50,1,0.123333333,0.308333333,0.126666667,0.125,0.153333333,0.33,mds,22.61224441,0.01371287,2.799472745,0.314985189,0.302027303,9.256814949
200,0.05,90,50,3,0.142222222,0.408888889,0.155555556,0.143333333,0.182777778,0.421666667,mds,22.61224441,0.01371287,2.799472745,0.314985189,0.302027303,9.256814949
200,0.05,90,50,6,0.166666667,0.464166667,0.22,0.207222222,0.216944444,0.493333333,mds,22.61224441,0.01371287,2.799472745,0.314985189,0.302027303,9.256814949
200,0.05,90,50,10,0.202166667,0.5215,0.2775,0.258,0.257166667,0.556,mds,22.61224441,0.01371287,2.799472745,0.314985189,0.302027303,9.256814949
200,0.05,90,50,15,0.245444444,0.569,0.324,0.295666667,0.294111111,0.599888889,mds,22.61224441,0.01371287,2.799472745,0.314985189,0.302027303,9.256814949
200,0.05,90,10000,1,0.123333333,0.308333333,0.126666667,0.125,0.153333333,0.33,mds,52.08604031,0.010765531,2.779813101,0.420040245,0.275069097,9.191439355
200,0.05,90,10000,3,0.142222222,0.408888889,0.155555556,0.143333333,0.182777778,0.421666667,mds,52.08604031,0.010765531,2.779813101,0.420040245,0.275069097,9.191439355
200,0.05,90,10000,6,0.166388889,0.464166667,0.22,0.207222222,0.216944444,0.493333333,mds,52.08604031,0.010765531,2.779813101,0.420040245,0.275069097,9.191439355
200,0.05,90,10000,10,0.202333333,0.5215,0.2775,0.258,0.257166667,0.556,mds,52.08604031,0.010765531,2.779813101,0.420040245,0.275069097,9.191439355
200,0.05,90,10000,15,0.245222222,0.569,0.324,0.295666667,0.294111111,0.599888889,mds,52.08604031,0.010765531,2.779813101,0.420040245,0.275069097,9.191439355
200,0.1,90,1,1,0.198333333,0.475,0.118333333,0.155,0.208333333,0.463333333,pca,92.10049044,0.012165688,3.114773543,0.356643976,0.410217765,9.425361386
200,0.1,90,1,3,0.244444444,0.574444444,0.158333333,0.201666667,0.237777778,0.563333333,pca,92.10049044,0.012165688,3.114773543,0.356643976,0.410217765,9.425361386
200,0.1,90,1,6,0.305,0.635833333,0.217777778,0.281388889,0.279166667,0.626111111,pca,92.10049044,0.012165688,3.114773543,0.356643976,0.410217765,9.425361386
200,0.1,90,1,10,0.352,0.6875,0.2805,0.3145,0.317833333,0.675333333,pca,92.10049044,0.012165688,3.114773543,0.356643976,0.410217765,9.425361386
200,0.1,90,1,15,0.387888889,0.718333333,0.321333333,0.340222222,0.353888889,0.715111111,pca,92.10049044,0.012165688,3.114773543,0.356643976,0.410217765,9.425361386
200,0.1,90,6,1,0.198333333,0.475,0.118333333,0.155,0.208333333,0.463333333,pca,46.79988711,0.013692782,3.049637339,0.366929115,0.304345907,9.451419592
200,0.1,90,6,3,0.245,0.574444444,0.158333333,0.201666667,0.237777778,0.563333333,pca,46.79988711,0.013692782,3.049637339,0.366929115,0.304345907,9.451419592
200,0.1,90,6,6,0.304444444,0.635833333,0.217777778,0.281388889,0.279166667,0.626111111,pca,46.79988711,0.013692782,3.049637339,0.366929115,0.304345907,9.451419592
200,0.1,90,6,10,0.350666667,0.6875,0.2805,0.3145,0.317833333,0.675333333,pca,46.79988711,0.013692782,3.049637339,0.366929115,0.304345907,9.451419592
200,0.1,90,6,15,0.387222222,0.718333333,0.321333333,0.340222222,0.353888889,0.715111111,pca,46.79988711,0.013692782,3.049637339,0.366929115,0.304345907,9.451419592
200,0.1,90,12,1,0.2,0.475,0.118333333,0.155,0.208333333,0.463333333,pca,126.4298773,0.011363419,3.051298786,0.399660349,0.446564988,9.444966533
200,0.1,90,12,3,0.243333333,0.574444444,0.158333333,0.201666667,0.237777778,0.563333333,pca,126.4298773,0.011363419,3.051298786,0.399660349,0.446564988,9.444966533
200,0.1,90,12,6,0.308888889,0.635833333,0.217777778,0.281388889,0.279166667,0.626111111,pca,126.4298773,0.011363419,3.051298786,0.399660349,0.446564988,9.444966533
200,0.1,90,12,10,0.348666667,0.6875,0.2805,0.3145,0.317833333,0.675333333,pca,126.4298773,0.011363419,3.051298786,0.399660349,0.446564988,9.444966533
200,0.1,90,12,15,0.387666667,0.718333333,0.321333333,0.340222222,0.353888889,0.715111111,pca,126.4298773,0.011363419,3.051298786,0.399660349,0.446564988,9.444966533
200,0.1,90,18,1,0.2,0.475,0.118333333,0.155,0.208333333,0.463333333,pca,117.2240597,0.013761448,3.117457433,0.370113415,1.704488667,9.41526037
200,0.1,90,18,3,0.246111111,0.574444444,0.158333333,0.201666667,0.237777778,0.563333333,pca,117.2240597,0.013761448,3.117457433,0.370113415,1.704488667,9.41526037
200,0.1,90,18,6,0.311666667,0.635833333,0.217777778,0.281388889,0.279166667,0.626111111,pca,117.2240597,0.013761448,3.117457433,0.370113415,1.704488667,9.41526037
200,0.1,90,18,10,0.355666667,0.6875,0.2805,0.3145,0.317833333,0.675333333,pca,117.2240597,0.013761448,3.117457433,0.370113415,1.704488667,9.41526037
200,0.1,90,18,15,0.392777778,0.718333333,0.321333333,0.340222222,0.353888889,0.715111111,pca,117.2240597,0.013761448,3.117457433,0.370113415,1.704488667,9.41526037
200,0.1,90,25,1,0.188333333,0.475,0.118333333,0.155,0.208333333,0.463333333,pca,57.8972357,0.009757382,3.061508571,0.37041907,2.426111485,8.173672278
200,0.1,90,25,3,0.241111111,0.574444444,0.158333333,0.201666667,0.237777778,0.563333333,pca,57.8972357,0.009757382,3.061508571,0.37041907,2.426111485,8.173672278
200,0.1,90,25,6,0.308611111,0.635833333,0.217777778,0.281388889,0.279166667,0.626111111,pca,57.8972357,0.009757382,3.061508571,0.37041907,2.426111485,8.173672278
200,0.1,90,25,10,0.352666667,0.6875,0.2805,0.3145,0.317833333,0.675333333,pca,57.8972357,0.009757382,3.061508571,0.37041907,2.426111485,8.173672278
200,0.1,90,25,15,0.388888889,0.718333333,0.321333333,0.340222222,0.353888889,0.715111111,pca,57.8972357,0.009757382,3.061508571,0.37041907,2.426111485,8.173672278
200,0.1,90,35,1,0.196666667,0.475,0.118333333,0.155,0.208333333,0.463333333,pca,136.9941115,0.01700137,3.097347291,5.653854485,0.346531903,9.545227727
200,0.1,90,35,3,0.243333333,0.574444444,0.158333333,0.201666667,0.237777778,0.563333333,pca,136.9941115,0.01700137,3.097347291,5.653854485,0.346531903,9.545227727
200,0.1,90,35,6,0.308333333,0.635833333,0.217777778,0.281388889,0.279166667,0.626111111,pca,136.9941115,0.01700137,3.097347291,5.653854485,0.346531903,9.545227727
200,0.1,90,35,10,0.352333333,0.6875,0.2805,0.3145,0.317833333,0.675333333,pca,136.9941115,0.01700137,3.097347291,5.653854485,0.346531903,9.545227727
200,0.1,90,35,15,0.389,0.718333333,0.321333333,0.340222222,0.353888889,0.715111111,pca,136.9941115,0.01700137,3.097347291,5.653854485,0.346531903,9.545227727
200,0.1,90,50,1,0.198333333,0.475,0.118333333,0.155,0.208333333,0.463333333,pca,55.96255839,0.012869906,3.090267509,0.389296309,0.364410163,9.390522404
200,0.1,90,50,3,0.245,0.574444444,0.158333333,0.201666667,0.237777778,0.563333333,pca,55.96255839,0.012869906,3.090267509,0.389296309,0.364410163,9.390522404
200,0.1,90,50,6,0.307777778,0.635833333,0.217777778,0.281388889,0.279166667,0.626111111,pca,55.96255839,0.012869906,3.090267509,0.389296309,0.364410163,9.390522404
200,0.1,90,50,10,0.357,0.6875,0.2805,0.3145,0.317833333,0.675333333,pca,55.96255839,0.012869906,3.090267509,0.389296309,0.364410163,9.390522404
200,0.1,90,50,15,0.394222222,0.718333333,0.321333333,0.340222222,0.353888889,0.715111111,pca,55.96255839,0.012869906,3.090267509,0.389296309,0.364410163,9.390522404
200,0.1,90,10000,1,0.193333333,0.475,0.118333333,0.155,0.208333333,0.463333333,pca,194.6876153,0.010442512,3.050010254,0.347201825,0.319317207,9.39240935
200,0.1,90,10000,3,0.241666667,0.574444444,0.158333333,0.201666667,0.237777778,0.563333333,pca,194.6876153,0.010442512,3.050010254,0.347201825,0.319317207,9.39240935
200,0.1,90,10000,6,0.308888889,0.635833333,0.217777778,0.281388889,0.279166667,0.626111111,pca,194.6876153,0.010442512,3.050010254,0.347201825,0.319317207,9.39240935
200,0.1,90,10000,10,0.354333333,0.6875,0.2805,0.3145,0.317833333,0.675333333,pca,194.6876153,0.010442512,3.050010254,0.347201825,0.319317207,9.39240935
200,0.1,90,10000,15,0.391777778,0.718333333,0.321333333,0.340222222,0.353888889,0.715111111,pca,194.6876153,0.010442512,3.050010254,0.347201825,0.319317207,9.39240935
200,0.2,90,1,1,0.335,0.685,0.105,0.198333333,0.28,0.59,pca,225.781153,0.292480046,3.419254053,0.427812577,0.376729197,9.934951522
200,0.2,90,1,3,0.408888889,0.736111111,0.148333333,0.277777778,0.325555556,0.673888889,pca,225.781153,0.292480046,3.419254053,0.427812577,0.376729197,9.934951522
200,0.2,90,1,6,0.468611111,0.784444444,0.215277778,0.373888889,0.371944444,0.724166667,pca,225.781153,0.292480046,3.419254053,0.427812577,0.376729197,9.934951522
200,0.2,90,1,10,0.513166667,0.821,0.276833333,0.375666667,0.4085,0.762,pca,225.781153,0.292480046,3.419254053,0.427812577,0.376729197,9.934951522
200,0.2,90,1,15,0.554888889,0.836,0.319555556,0.377222222,0.441,0.788333333,pca,225.781153,0.292480046,3.419254053,0.427812577,0.376729197,9.934951522
200,0.2,90,6,1,0.335,0.685,0.105,0.198333333,0.28,0.59,pca,272.268896,0.498041061,3.410479391,0.407484568,0.343024843,9.892613483
200,0.2,90,6,3,0.411666667,0.736111111,0.148333333,0.277777778,0.325555556,0.673888889,pca,272.268896,0.498041061,3.410479391,0.407484568,0.343024843,9.892613483
200,0.2,90,6,6,0.466388889,0.784444444,0.215277778,0.373888889,0.371944444,0.724166667,pca,272.268896,0.498041061,3.410479391,0.407484568,0.343024843,9.892613483
200,0.2,90,6,10,0.513,0.821,0.276833333,0.375666667,0.4085,0.762,pca,272.268896,0.498041061,3.410479391,0.407484568,0.343024843,9.892613483
200,0.2,90,6,15,0.551777778,0.836,0.319555556,0.377222222,0.441,0.788333333,pca,272.268896,0.498041061,3.410479391,0.407484568,0.343024843,9.892613483
200,0.2,90,12,1,0.328333333,0.685,0.105,0.198333333,0.28,0.59,pca,264.286144,0.394921204,3.437047763,0.631035272,0.496329545,10.17941741
200,0.2,90,12,3,0.406666667,0.736111111,0.148333333,0.277777778,0.325555556,0.673888889,pca,264.286144,0.394921204,3.437047763,0.631035272,0.496329545,10.17941741
200,0.2,90,12,6,0.466666667,0.784444444,0.215277778,0.373888889,0.371944444,0.724166667,pca,264.286144,0.394921204,3.437047763,0.631035272,0.496329545,10.17941741
200,0.2,90,12,10,0.511,0.821,0.276833333,0.375666667,0.4085,0.762,pca,264.286144,0.394921204,3.437047763,0.631035272,0.496329545,10.17941741
200,0.2,90,12,15,0.550777778,0.836,0.319555556,0.377222222,0.441,0.788333333,pca,264.286144,0.394921204,3.437047763,0.631035272,0.496329545,10.17941741
200,0.2,90,18,1,0.336666667,0.685,0.105,0.198333333,0.28,0.59,pca,229.9875603,0.16930484,3.471850764,0.421402703,0.38876388,10.00697013
200,0.2,90,18,3,0.421111111,0.736111111,0.148333333,0.277777778,0.325555556,0.673888889,pca,229.9875603,0.16930484,3.471850764,0.421402703,0.38876388,10.00697013
200,0.2,90,18,6,0.473611111,0.784444444,0.215277778,0.373888889,0.371944444,0.724166667,pca,229.9875603,0.16930484,3.471850764,0.421402703,0.38876388,10.00697013
200,0.2,90,18,10,0.5195,0.821,0.276833333,0.375666667,0.4085,0.762,pca,229.9875603,0.16930484,3.471850764,0.421402703,0.38876388,10.00697013
200,0.2,90,18,15,0.557888889,0.836,0.319555556,0.377222222,0.441,0.788333333,pca,229.9875603,0.16930484,3.471850764,0.421402703,0.38876388,10.00697013
200,0.2,90,25,1,0.34,0.685,0.105,0.198333333,0.28,0.59,pca,309.8646573,0.299734177,3.425341532,1.455129986,1.08844094,10.1872275
200,0.2,90,25,3,0.42,0.736111111,0.148333333,0.277777778,0.325555556,0.673888889,pca,309.8646573,0.299734177,3.425341532,1.455129986,1.08844094,10.1872275
200,0.2,90,25,6,0.472222222,0.784444444,0.215277778,0.373888889,0.371944444,0.724166667,pca,309.8646573,0.299734177,3.425341532,1.455129986,1.08844094,10.1872275
200,0.2,90,25,10,0.516,0.821,0.276833333,0.375666667,0.4085,0.762,pca,309.8646573,0.299734177,3.425341532,1.455129986,1.08844094,10.1872275
200,0.2,90,25,15,0.558666667,0.836,0.319555556,0.377222222,0.441,0.788333333,pca,309.8646573,0.299734177,3.425341532,1.455129986,1.08844094,10.1872275
200,0.2,90,35,1,0.331666667,0.685,0.105,0.198333333,0.28,0.59,pca,281.1854326,0.22904048,3.408204392,0.451550413,0.344622687,9.927141978
200,0.2,90,35,3,0.406111111,0.736111111,0.148333333,0.277777778,0.325555556,0.673888889,pca,281.1854326,0.22904048,3.408204392,0.451550413,0.344622687,9.927141978
200,0.2,90,35,6,0.468055556,0.784444444,0.215277778,0.373888889,0.371944444,0.724166667,pca,281.1854326,0.22904048,3.408204392,0.451550413,0.344622687,9.927141978
200,0.2,90,35,10,0.517166667,0.821,0.276833333,0.375666667,0.4085,0.762,pca,281.1854326,0.22904048,3.408204392,0.451550413,0.344622687,9.927141978
200,0.2,90,35,15,0.552111111,0.836,0.319555556,0.377222222,0.441,0.788333333,pca,281.1854326,0.22904048,3.408204392,0.451550413,0.344622687,9.927141978
200,0.2,90,50,1,0.336666667,0.685,0.105,0.198333333,0.28,0.59,pca,191.4685929,0.289768052,3.445853128,1.225821149,1.158655479,10.8290139
200,0.2,90,50,3,0.418888889,0.736111111,0.148333333,0.277777778,0.325555556,0.673888889,pca,191.4685929,0.289768052,3.445853128,1.225821149,1.158655479,10.8290139
200,0.2,90,50,6,0.476388889,0.784444444,0.215277778,0.373888889,0.371944444,0.724166667,pca,191.4685929,0.289768052,3.445853128,1.225821149,1.158655479,10.8290139
200,0.2,90,50,10,0.5215,0.821,0.276833333,0.375666667,0.4085,0.762,pca,191.4685929,0.289768052,3.445853128,1.225821149,1.158655479,10.8290139
200,0.2,90,50,15,0.561222222,0.836,0.319555556,0.377222222,0.441,0.788333333,pca,191.4685929,0.289768052,3.445853128,1.225821149,1.158655479,10.8290139
200,0.2,90,10000,1,0.335,0.685,0.105,0.198333333,0.28,0.59,pca,398.6363478,0.463813063,3.442723245,0.435027316,1.741031309,9.982800382
200,0.2,90,10000,3,0.41,0.736111111,0.148333333,0.277777778,0.325555556,0.673888889,pca,398.6363478,0.463813063,3.442723245,0.435027316,1.741031309,9.982800382
200,0.2,90,10000,6,0.468888889,0.784444444,0.215277778,0.373888889,0.371944444,0.724166667,pca,398.6363478,0.463813063,3.442723245,0.435027316,1.741031309,9.982800382
200,0.2,90,10000,10,0.515833333,0.821,0.276833333,0.375666667,0.4085,0.762,pca,398.6363478,0.463813063,3.442723245,0.435027316,1.741031309,9.982800382
200,0.2,90,10000,15,0.556,0.836,0.319555556,0.377222222,0.441,0.788333333,pca,398.6363478,0.463813063,3.442723245,0.435027316,1.741031309,9.982800382
200,0.4,90,1,1,0.561666667,0.865,0.121666667,0.246666667,0.365,0.691666667,pca,638.6603189,0.829655381,4.28931935,0.370816288,0.651592148,12.49194337
200,0.4,90,1,3,0.595555556,0.875555556,0.153333333,0.366666667,0.447777778,0.732222222,pca,638.6603189,0.829655381,4.28931935,0.370816288,0.651592148,12.49194337
200,0.4,90,1,6,0.646111111,0.903055556,0.216944444,0.471388889,0.498888889,0.770277778,pca,638.6603189,0.829655381,4.28931935,0.370816288,0.651592148,12.49194337
200,0.4,90,1,10,0.687333333,0.918333333,0.28,0.425833333,0.542166667,0.803166667,pca,638.6603189,0.829655381,4.28931935,0.370816288,0.651592148,12.49194337
200,0.4,90,1,15,0.713555556,0.930333333,0.326777778,0.412333333,0.569111111,0.835111111,pca,638.6603189,0.829655381,4.28931935,0.370816288,0.651592148,12.49194337
200,0.4,90,6,1,0.576666667,0.865,0.121666667,0.246666667,0.365,0.691666667,pca,621.1801596,0.669278676,4.262215064,0.369830207,0.361048684,10.45447695
200,0.4,90,6,3,0.602222222,0.875555556,0.153333333,0.366666667,0.447777778,0.732222222,pca,621.1801596,0.669278676,4.262215064,0.369830207,0.361048684,10.45447695
200,0.4,90,6,6,0.653055556,0.903055556,0.216944444,0.471388889,0.498888889,0.770277778,pca,621.1801596,0.669278676,4.262215064,0.369830207,0.361048684,10.45447695
200,0.4,90,6,10,0.6925,0.918333333,0.28,0.425833333,0.542166667,0.803166667,pca,621.1801596,0.669278676,4.262215064,0.369830207,0.361048684,10.45447695
200,0.4,90,6,15,0.717222222,0.930333333,0.326777778,0.412333333,0.569111111,0.835111111,pca,621.1801596,0.669278676,4.262215064,0.369830207,0.361048684,10.45447695
200,0.4,90,12,1,0.56,0.865,0.121666667,0.246666667,0.365,0.691666667,pca,699.6458574,1.188869312,4.279890368,0.375335605,0.507592386,10.47194905
200,0.4,90,12,3,0.599444444,0.875555556,0.153333333,0.366666667,0.447777778,0.732222222,pca,699.6458574,1.188869312,4.279890368,0.375335605,0.507592386,10.47194905
200,0.4,90,12,6,0.648611111,0.903055556,0.216944444,0.471388889,0.498888889,0.770277778,pca,699.6458574,1.188869312,4.279890368,0.375335605,0.507592386,10.47194905
200,0.4,90,12,10,0.6895,0.918333333,0.28,0.425833333,0.542166667,0.803166667,pca,699.6458574,1.188869312,4.279890368,0.375335605,0.507592386,10.47194905
200,0.4,90,12,15,0.716222222,0.930333333,0.326777778,0.412333333,0.569111111,0.835111111,pca,699.6458574,1.188869312,4.279890368,0.375335605,0.507592386,10.47194905
200,0.4,90,18,1,0.566666667,0.865,0.121666667,0.246666667,0.365,0.691666667,pca,769.5615826,1.340726056,4.239078557,0.369053106,0.459460639,13.18407739
200,0.4,90,18,3,0.597777778,0.875555556,0.153333333,0.366666667,0.447777778,0.732222222,pca,769.5615826,1.340726056,4.239078557,0.369053106,0.459460639,13.18407739
200,0.4,90,18,6,0.649444444,0.903055556,0.216944444,0.471388889,0.498888889,0.770277778,pca,769.5615826,1.340726056,4.239078557,0.369053106,0.459460639,13.18407739
200,0.4,90,18,10,0.6935,0.918333333,0.28,0.425833333,0.542166667,0.803166667,pca,769.5615826,1.340726056,4.239078557,0.369053106,0.459460639,13.18407739
200,0.4,90,18,15,0.719888889,0.930333333,0.326777778,0.412333333,0.569111111,0.835111111,pca,769.5615826,1.340726056,4.239078557,0.369053106,0.459460639,13.18407739
200,0.4,90,25,1,0.551666667,0.865,0.121666667,0.246666667,0.365,0.691666667,pca,867.959058,0.849385531,4.234700975,0.453149905,0.396073984,10.7197314
200,0.4,90,25,3,0.6,0.875555556,0.153333333,0.366666667,0.447777778,0.732222222,pca,867.959058,0.849385531,4.234700975,0.453149905,0.396073984,10.7197314
200,0.4,90,25,6,0.649722222,0.903055556,0.216944444,0.471388889,0.498888889,0.770277778,pca,867.959058,0.849385531,4.234700975,0.453149905,0.396073984,10.7197314
200,0.4,90,25,10,0.689666667,0.918333333,0.28,0.425833333,0.542166667,0.803166667,pca,867.959058,0.849385531,4.234700975,0.453149905,0.396073984,10.7197314
200,0.4,90,25,15,0.719444444,0.930333333,0.326777778,0.412333333,0.569111111,0.835111111,pca,867.959058,0.849385531,4.234700975,0.453149905,0.396073984,10.7197314
200,0.4,90,35,1,0.55,0.865,0.121666667,0.246666667,0.365,0.691666667,pca,740.2098723,1.02725447,4.345644472,0.37279653,0.471624828,14.23829479
200,0.4,90,35,3,0.597222222,0.875555556,0.153333333,0.366666667,0.447777778,0.732222222,pca,740.2098723,1.02725447,4.345644472,0.37279653,0.471624828,14.23829479
200,0.4,90,35,6,0.647777778,0.903055556,0.216944444,0.471388889,0.498888889,0.770277778,pca,740.2098723,1.02725447,4.345644472,0.37279653,0.471624828,14.23829479
200,0.4,90,35,10,0.688333333,0.918333333,0.28,0.425833333,0.542166667,0.803166667,pca,740.2098723,1.02725447,4.345644472,0.37279653,0.471624828,14.23829479
200,0.4,90,35,15,0.715888889,0.930333333,0.326777778,0.412333333,0.569111111,0.835111111,pca,740.2098723,1.02725447,4.345644472,0.37279653,0.471624828,14.23829479
200,0.4,90,50,1,0.555,0.865,0.121666667,0.246666667,0.365,0.691666667,pca,625.6475279,0.790143849,4.450123769,0.408951542,0.412591886,10.55088944
200,0.4,90,50,3,0.605555556,0.875555556,0.153333333,0.366666667,0.447777778,0.732222222,pca,625.6475279,0.790143849,4.450123769,0.408951542,0.412591886,10.55088944
200,0.4,90,50,6,0.650833333,0.903055556,0.216944444,0.471388889,0.498888889,0.770277778,pca,625.6475279,0.790143849,4.450123769,0.408951542,0.412591886,10.55088944
200,0.4,90,50,10,0.6855,0.918333333,0.28,0.425833333,0.542166667,0.803166667,pca,625.6475279,0.790143849,4.450123769,0.408951542,0.412591886,10.55088944
200,0.4,90,50,15,0.715444444,0.930333333,0.326777778,0.412333333,0.569111111,0.835111111,pca,625.6475279,0.790143849,4.450123769,0.408951542,0.412591886,10.55088944
200,0.4,90,10000,1,0.553333333,0.865,0.121666667,0.246666667,0.365,0.691666667,pca,846.9543703,1.057346946,4.499554868,1.300308021,1.471601113,11.53207287
200,0.4,90,10000,3,0.599444444,0.875555556,0.153333333,0.366666667,0.447777778,0.732222222,pca,846.9543703,1.057346946,4.499554868,1.300308021,1.471601113,11.53207287
200,0.4,90,10000,6,0.648333333,0.903055556,0.216944444,0.471388889,0.498888889,0.770277778,pca,846.9543703,1.057346946,4.499554868,1.300308021,1.471601113,11.53207287
200,0.4,90,10000,10,0.6875,0.918333333,0.28,0.425833333,0.542166667,0.803166667,pca,846.9543703,1.057346946,4.499554868,1.300308021,1.471601113,11.53207287
200,0.4,90,10000,15,0.715555556,0.930333333,0.326777778,0.412333333,0.569111111,0.835111111,pca,846.9543703,1.057346946,4.499554868,1.300308021,1.471601113,11.53207287
200,0.6,90,1,1,0.716666667,0.938333333,0.116666667,0.266666667,0.46,0.691666667,pca,1071.196858,1.752208941,5.25817699,0.380175431,0.369800077,11.02319904
200,0.6,90,1,3,0.730555556,0.953888889,0.152222222,0.417777778,0.532777778,0.758333333,pca,1071.196858,1.752208941,5.25817699,0.380175431,0.369800077,11.02319904
200,0.6,90,1,6,0.772777778,0.953055556,0.214166667,0.526666667,0.588055556,0.799444444,pca,1071.196858,1.752208941,5.25817699,0.380175431,0.369800077,11.02319904
200,0.6,90,1,10,0.796,0.9655,0.276666667,0.456833333,0.630666667,0.838,pca,1071.196858,1.752208941,5.25817699,0.380175431,0.369800077,11.02319904
200,0.6,90,1,15,0.816333333,0.969333333,0.324555556,0.430777778,0.659,0.856666667,pca,1071.196858,1.752208941,5.25817699,0.380175431,0.369800077,11.02319904
200,0.6,90,6,1,0.685,0.938333333,0.116666667,0.266666667,0.46,0.691666667,pca,1162.293078,1.109147341,5.116866909,0.406248494,0.388617629,10.95093084
200,0.6,90,6,3,0.722222222,0.953888889,0.152222222,0.417777778,0.532777778,0.758333333,pca,1162.293078,1.109147341,5.116866909,0.406248494,0.388617629,10.95093084
200,0.6,90,6,6,0.769722222,0.953055556,0.214166667,0.526666667,0.588055556,0.799444444,pca,1162.293078,1.109147341,5.116866909,0.406248494,0.388617629,10.95093084
200,0.6,90,6,10,0.788666667,0.9655,0.276666667,0.456833333,0.630666667,0.838,pca,1162.293078,1.109147341,5.116866909,0.406248494,0.388617629,10.95093084
200,0.6,90,6,15,0.810777778,0.969333333,0.324555556,0.430777778,0.659,0.856666667,pca,1162.293078,1.109147341,5.116866909,0.406248494,0.388617629,10.95093084
200,0.6,90,12,1,0.686666667,0.938333333,0.116666667,0.266666667,0.46,0.691666667,pca,1280.463066,0.981173501,5.075623299,0.371480477,0.576008594,12.60740149
200,0.6,90,12,3,0.725555556,0.953888889,0.152222222,0.417777778,0.532777778,0.758333333,pca,1280.463066,0.981173501,5.075623299,0.371480477,0.576008594,12.60740149
200,0.6,90,12,6,0.775,0.953055556,0.214166667,0.526666667,0.588055556,0.799444444,pca,1280.463066,0.981173501,5.075623299,0.371480477,0.576008594,12.60740149
200,0.6,90,12,10,0.7925,0.9655,0.276666667,0.456833333,0.630666667,0.838,pca,1280.463066,0.981173501,5.075623299,0.371480477,0.576008594,12.60740149
200,0.6,90,12,15,0.813555556,0.969333333,0.324555556,0.430777778,0.659,0.856666667,pca,1280.463066,0.981173501,5.075623299,0.371480477,0.576008594,12.60740149
200,0.6,90,18,1,0.68,0.938333333,0.116666667,0.266666667,0.46,0.691666667,pca,1271.542609,1.962175828,5.584280416,0.382416088,0.376596103,11.09516177
200,0.6,90,18,3,0.714444444,0.953888889,0.152222222,0.417777778,0.532777778,0.758333333,pca,1271.542609,1.962175828,5.584280416,0.382416088,0.376596103,11.09516177
200,0.6,90,18,6,0.766388889,0.953055556,0.214166667,0.526666667,0.588055556,0.799444444,pca,1271.542609,1.962175828,5.584280416,0.382416088,0.376596103,11.09516177
200,0.6,90,18,10,0.782,0.9655,0.276666667,0.456833333,0.630666667,0.838,pca,1271.542609,1.962175828,5.584280416,0.382416088,0.376596103,11.09516177
200,0.6,90,18,15,0.805777778,0.969333333,0.324555556,0.430777778,0.659,0.856666667,pca,1271.542609,1.962175828,5.584280416,0.382416088,0.376596103,11.09516177
200,0.6,90,25,1,0.676666667,0.938333333,0.116666667,0.266666667,0.46,0.691666667,pca,1306.057476,0.877592216,5.060346406,0.378267984,0.391184454,11.08474303
200,0.6,90,25,3,0.72,0.953888889,0.152222222,0.417777778,0.532777778,0.758333333,pca,1306.057476,0.877592216,5.060346406,0.378267984,0.391184454,11.08474303
200,0.6,90,25,6,0.765277778,0.953055556,0.214166667,0.526666667,0.588055556,0.799444444,pca,1306.057476,0.877592216,5.060346406,0.378267984,0.391184454,11.08474303
200,0.6,90,25,10,0.7845,0.9655,0.276666667,0.456833333,0.630666667,0.838,pca,1306.057476,0.877592216,5.060346406,0.378267984,0.391184454,11.08474303
200,0.6,90,25,15,0.807444444,0.969333333,0.324555556,0.430777778,0.659,0.856666667,pca,1306.057476,0.877592216,5.060346406,0.378267984,0.391184454,11.08474303
200,0.6,90,35,1,0.67,0.938333333,0.116666667,0.266666667,0.46,0.691666667,pca,1175.478307,1.137015398,5.180062361,0.396170972,0.375305193,10.99610765
200,0.6,90,35,3,0.718333333,0.953888889,0.152222222,0.417777778,0.532777778,0.758333333,pca,1175.478307,1.137015398,5.180062361,0.396170972,0.375305193,10.99610765
200,0.6,90,35,6,0.763888889,0.953055556,0.214166667,0.526666667,0.588055556,0.799444444,pca,1175.478307,1.137015398,5.180062361,0.396170972,0.375305193,10.99610765
200,0.6,90,35,10,0.784666667,0.9655,0.276666667,0.456833333,0.630666667,0.838,pca,1175.478307,1.137015398,5.180062361,0.396170972,0.375305193,10.99610765
200,0.6,90,35,15,0.806777778,0.969333333,0.324555556,0.430777778,0.659,0.856666667,pca,1175.478307,1.137015398,5.180062361,0.396170972,0.375305193,10.99610765
200,0.6,90,50,1,0.678333333,0.938333333,0.116666667,0.266666667,0.46,0.691666667,pca,1277.755611,2.522881654,6.652588731,0.412653335,0.375073092,10.99248872
200,0.6,90,50,3,0.717777778,0.953888889,0.152222222,0.417777778,0.532777778,0.758333333,pca,1277.755611,2.522881654,6.652588731,0.412653335,0.375073092,10.99248872
200,0.6,90,50,6,0.765,0.953055556,0.214166667,0.526666667,0.588055556,0.799444444,pca,1277.755611,2.522881654,6.652588731,0.412653335,0.375073092,10.99248872
200,0.6,90,50,10,0.783333333,0.9655,0.276666667,0.456833333,0.630666667,0.838,pca,1277.755611,2.522881654,6.652588731,0.412653335,0.375073092,10.99248872
200,0.6,90,50,15,0.805777778,0.969333333,0.324555556,0.430777778,0.659,0.856666667,pca,1277.755611,2.522881654,6.652588731,0.412653335,0.375073092,10.99248872
200,0.6,90,10000,1,0.683333333,0.938333333,0.116666667,0.266666667,0.46,0.691666667,pca,1175.216491,1.38887775,5.296226249,0.471543718,0.492238544,12.68753278
200,0.6,90,10000,3,0.708333333,0.953888889,0.152222222,0.417777778,0.532777778,0.758333333,pca,1175.216491,1.38887775,5.296226249,0.471543718,0.492238544,12.68753278
200,0.6,90,10000,6,0.758611111,0.953055556,0.214166667,0.526666667,0.588055556,0.799444444,pca,1175.216491,1.38887775,5.296226249,0.471543718,0.492238544,12.68753278
200,0.6,90,10000,10,0.775833333,0.9655,0.276666667,0.456833333,0.630666667,0.838,pca,1175.216491,1.38887775,5.296226249,0.471543718,0.492238544,12.68753278
200,0.6,90,10000,15,0.802111111,0.969333333,0.324555556,0.430777778,0.659,0.856666667,pca,1175.216491,1.38887775,5.296226249,0.471543718,0.492238544,12.68753278
200,0.05,80,1,1,0.121666667,0.308333333,0.126666667,0.125,0.153333333,0.33,mds,68.30758985,0.045784358,13.29642874,0.284564077,0.192952441,6.654844318
200,0.05,80,1,3,0.141666667,0.408888889,0.155555556,0.143333333,0.182777778,0.421666667,mds,68.30758985,0.045784358,13.29642874,0.284564077,0.192952441,6.654844318
200,0.05,80,1,6,0.166944444,0.464166667,0.22,0.207222222,0.216944444,0.493333333,mds,68.30758985,0.045784358,13.29642874,0.284564077,0.192952441,6.654844318
200,0.05,80,1,10,0.202833333,0.5215,0.2775,0.258,0.257166667,0.556,mds,68.30758985,0.045784358,13.29642874,0.284564077,0.192952441,6.654844318
200,0.05,80,1,15,0.244666667,0.569,0.324,0.295666667,0.294111111,0.599888889,mds,68.30758985,0.045784358,13.29642874,0.284564077,0.192952441,6.654844318
200,0.05,80,6,1,0.123333333,0.308333333,0.126666667,0.125,0.153333333,0.33,mds,33.58924399,0.008397384,2.225242232,0.228760779,0.225468737,6.946792908
200,0.05,80,6,3,0.142222222,0.408888889,0.155555556,0.143333333,0.182777778,0.421666667,mds,33.58924399,0.008397384,2.225242232,0.228760779,0.225468737,6.946792908
200,0.05,80,6,6,0.166388889,0.464166667,0.22,0.207222222,0.216944444,0.493333333,mds,33.58924399,0.008397384,2.225242232,0.228760779,0.225468737,6.946792908
200,0.05,80,6,10,0.202333333,0.5215,0.2775,0.258,0.257166667,0.556,mds,33.58924399,0.008397384,2.225242232,0.228760779,0.225468737,6.946792908
200,0.05,80,6,15,0.245111111,0.569,0.324,0.295666667,0.294111111,0.599888889,mds,33.58924399,0.008397384,2.225242232,0.228760779,0.225468737,6.946792908
200,0.05,80,12,1,0.123333333,0.308333333,0.126666667,0.125,0.153333333,0.33,mds,45.00945743,0.008476357,2.236196094,0.269874498,1.413612023,5.862703211
200,0.05,80,12,3,0.142222222,0.408888889,0.155555556,0.143333333,0.182777778,0.421666667,mds,45.00945743,0.008476357,2.236196094,0.269874498,1.413612023,5.862703211
200,0.05,80,12,6,0.166388889,0.464166667,0.22,0.207222222,0.216944444,0.493333333,mds,45.00945743,0.008476357,2.236196094,0.269874498,1.413612023,5.862703211
200,0.05,80,12,10,0.202333333,0.5215,0.2775,0.258,0.257166667,0.556,mds,45.00945743,0.008476357,2.236196094,0.269874498,1.413612023,5.862703211
200,0.05,80,12,15,0.245111111,0.569,0.324,0.295666667,0.294111111,0.599888889,mds,45.00945743,0.008476357,2.236196094,0.269874498,1.413612023,5.862703211
200,0.05,80,18,1,0.123333333,0.308333333,0.126666667,0.125,0.153333333,0.33,mds,21.4595897,0.008845068,2.243450345,0.349593484,0.206449206,6.744329058
200,0.05,80,18,3,0.142222222,0.408888889,0.155555556,0.143333333,0.182777778,0.421666667,mds,21.4595897,0.008845068,2.243450345,0.349593484,0.206449206,6.744329058
200,0.05,80,18,6,0.166388889,0.464166667,0.22,0.207222222,0.216944444,0.493333333,mds,21.4595897,0.008845068,2.243450345,0.349593484,0.206449206,6.744329058
200,0.05,80,18,10,0.202333333,0.5215,0.2775,0.258,0.257166667,0.556,mds,21.4595897,0.008845068,2.243450345,0.349593484,0.206449206,6.744329058
200,0.05,80,18,15,0.245222222,0.569,0.324,0.295666667,0.294111111,0.599888889,mds,21.4595897,0.008845068,2.243450345,0.349593484,0.206449206,6.744329058
200,0.05,80,25,1,0.123333333,0.308333333,0.126666667,0.125,0.153333333,0.33,mds,17.88628017,0.008514665,2.246953245,0.299456473,0.263881011,6.686326632
200,0.05,80,25,3,0.142222222,0.408888889,0.155555556,0.143333333,0.182777778,0.421666667,mds,17.88628017,0.008514665,2.246953245,0.299456473,0.263881011,6.686326632
200,0.05,80,25,6,0.166388889,0.464166667,0.22,0.207222222,0.216944444,0.493333333,mds,17.88628017,0.008514665,2.246953245,0.299456473,0.263881011,6.686326632
200,0.05,80,25,10,0.202333333,0.5215,0.2775,0.258,0.257166667,0.556,mds,17.88628017,0.008514665,2.246953245,0.299456473,0.263881011,6.686326632
200,0.05,80,25,15,0.245111111,0.569,0.324,0.295666667,0.294111111,0.599888889,mds,17.88628017,0.008514665,2.246953245,0.299456473,0.263881011,6.686326632
200,0.05,80,35,1,0.125,0.308333333,0.126666667,0.125,0.153333333,0.33,mds,42.59380238,0.010107898,2.255805865,0.224942351,0.211156683,6.014656348
200,0.05,80,35,3,0.145,0.408888889,0.155555556,0.143333333,0.182777778,0.421666667,mds,42.59380238,0.010107898,2.255805865,0.224942351,0.211156683,6.014656348
200,0.05,80,35,6,0.168611111,0.464166667,0.22,0.207222222,0.216944444,0.493333333,mds,42.59380238,0.010107898,2.255805865,0.224942351,0.211156683,6.014656348
200,0.05,80,35,10,0.208833333,0.5215,0.2775,0.258,0.257166667,0.556,mds,42.59380238,0.010107898,2.255805865,0.224942351,0.211156683,6.014656348
200,0.05,80,35,15,0.247222222,0.569,0.324,0.295666667,0.294111111,0.599888889,mds,42.59380238,0.010107898,2.255805865,0.224942351,0.211156683,6.014656348
200,0.05,80,50,1,0.123333333,0.308333333,0.126666667,0.125,0.153333333,0.33,mds,25.44911511,0.008890527,2.253238606,0.233333471,0.202386827,6.756926621
200,0.05,80,50,3,0.143888889,0.408888889,0.155555556,0.143333333,0.182777778,0.421666667,mds,25.44911511,0.008890527,2.253238606,0.233333471,0.202386827,6.756926621
200,0.05,80,50,6,0.167222222,0.464166667,0.22,0.207222222,0.216944444,0.493333333,mds,25.44911511,0.008890527,2.253238606,0.233333471,0.202386827,6.756926621
200,0.05,80,50,10,0.2045,0.5215,0.2775,0.258,0.257166667,0.556,mds,25.44911511,0.008890527,2.253238606,0.233333471,0.202386827,6.756926621
200,0.05,80,50,15,0.244888889,0.569,0.324,0.295666667,0.294111111,0.599888889,mds,25.44911511,0.008890527,2.253238606,0.233333471,0.202386827,6.756926621
200,0.05,80,10000,1,0.123333333,0.308333333,0.126666667,0.125,0.153333333,0.33,mds,35.10874663,0.011125743,2.25003955,0.228551892,0.23067449,6.634916775
200,0.05,80,10000,3,0.142222222,0.408888889,0.155555556,0.143333333,0.182777778,0.421666667,mds,35.10874663,0.011125743,2.25003955,0.228551892,0.23067449,6.634916775
200,0.05,80,10000,6,0.166388889,0.464166667,0.22,0.207222222,0.216944444,0.493333333,mds,35.10874663,0.011125743,2.25003955,0.228551892,0.23067449,6.634916775
200,0.05,80,10000,10,0.202333333,0.5215,0.2775,0.258,0.257166667,0.556,mds,35.10874663,0.011125743,2.25003955,0.228551892,0.23067449,6.634916775
200,0.05,80,10000,15,0.245111111,0.569,0.324,0.295666667,0.294111111,0.599888889,mds,35.10874663,0.011125743,2.25003955,0.228551892,0.23067449,6.634916775
200,0.1,80,1,1,0.193333333,0.475,0.118333333,0.155,0.208333333,0.463333333,pca,66.00306212,0.010742452,2.470575603,0.248092251,0.240312658,7.175452731
200,0.1,80,1,3,0.242222222,0.574444444,0.158333333,0.201666667,0.237777778,0.563333333,pca,66.00306212,0.010742452,2.470575603,0.248092251,0.240312658,7.175452731
200,0.1,80,1,6,0.308888889,0.635833333,0.217777778,0.281388889,0.279166667,0.626111111,pca,66.00306212,0.010742452,2.470575603,0.248092251,0.240312658,7.175452731
200,0.1,80,1,10,0.354166667,0.6875,0.2805,0.3145,0.317833333,0.675333333,pca,66.00306212,0.010742452,2.470575603,0.248092251,0.240312658,7.175452731
200,0.1,80,1,15,0.391888889,0.718333333,0.321333333,0.340222222,0.353888889,0.715111111,pca,66.00306212,0.010742452,2.470575603,0.248092251,0.240312658,7.175452731
200,0.1,80,6,1,0.193333333,0.475,0.118333333,0.155,0.208333333,0.463333333,pca,56.45071531,0.009894508,2.459021269,0.229067786,0.210959907,6.980643296
200,0.1,80,6,3,0.241666667,0.574444444,0.158333333,0.201666667,0.237777778,0.563333333,pca,56.45071531,0.009894508,2.459021269,0.229067786,0.210959907,6.980643296
200,0.1,80,6,6,0.308611111,0.635833333,0.217777778,0.281388889,0.279166667,0.626111111,pca,56.45071531,0.009894508,2.459021269,0.229067786,0.210959907,6.980643296
200,0.1,80,6,10,0.354166667,0.6875,0.2805,0.3145,0.317833333,0.675333333,pca,56.45071531,0.009894508,2.459021269,0.229067786,0.210959907,6.980643296
200,0.1,80,6,15,0.391444444,0.718333333,0.321333333,0.340222222,0.353888889,0.715111111,pca,56.45071531,0.009894508,2.459021269,0.229067786,0.210959907,6.980643296
200,0.1,80,12,1,0.193333333,0.475,0.118333333,0.155,0.208333333,0.463333333,pca,73.47848982,0.010037089,2.454681835,0.345743822,0.194418646,7.081538478
200,0.1,80,12,3,0.241666667,0.574444444,0.158333333,0.201666667,0.237777778,0.563333333,pca,73.47848982,0.010037089,2.454681835,0.345743822,0.194418646,7.081538478
200,0.1,80,12,6,0.308888889,0.635833333,0.217777778,0.281388889,0.279166667,0.626111111,pca,73.47848982,0.010037089,2.454681835,0.345743822,0.194418646,7.081538478
200,0.1,80,12,10,0.354166667,0.6875,0.2805,0.3145,0.317833333,0.675333333,pca,73.47848982,0.010037089,2.454681835,0.345743822,0.194418646,7.081538478
200,0.1,80,12,15,0.391444444,0.718333333,0.321333333,0.340222222,0.353888889,0.715111111,pca,73.47848982,0.010037089,2.454681835,0.345743822,0.194418646,7.081538478
200,0.1,80,18,1,0.193333333,0.475,0.118333333,0.155,0.208333333,0.463333333,pca,53.60265513,0.009178242,2.485381369,0.296498968,0.260177626,6.947678311
200,0.1,80,18,3,0.241666667,0.574444444,0.158333333,0.201666667,0.237777778,0.563333333,pca,53.60265513,0.009178242,2.485381369,0.296498968,0.260177626,6.947678311
200,0.1,80,18,6,0.308611111,0.635833333,0.217777778,0.281388889,0.279166667,0.626111111,pca,53.60265513,0.009178242,2.485381369,0.296498968,0.260177626,6.947678311
200,0.1,80,18,10,0.354333333,0.6875,0.2805,0.3145,0.317833333,0.675333333,pca,53.60265513,0.009178242,2.485381369,0.296498968,0.260177626,6.947678311
200,0.1,80,18,15,0.391555556,0.718333333,0.321333333,0.340222222,0.353888889,0.715111111,pca,53.60265513,0.009178242,2.485381369,0.296498968,0.260177626,6.947678311
200,0.1,80,25,1,0.188333333,0.475,0.118333333,0.155,0.208333333,0.463333333,pca,63.95097754,0.008090377,2.453864596,0.243385825,0.248411839,6.060690603
200,0.1,80,25,3,0.233888889,0.574444444,0.158333333,0.201666667,0.237777778,0.563333333,pca,63.95097754,0.008090377,2.453864596,0.243385825,0.248411839,6.060690603
200,0.1,80,25,6,0.303888889,0.635833333,0.217777778,0.281388889,0.279166667,0.626111111,pca,63.95097754,0.008090377,2.453864596,0.243385825,0.248411839,6.060690603
200,0.1,80,25,10,0.350333333,0.6875,0.2805,0.3145,0.317833333,0.675333333,pca,63.95097754,0.008090377,2.453864596,0.243385825,0.248411839,6.060690603
200,0.1,80,25,15,0.385444444,0.718333333,0.321333333,0.340222222,0.353888889,0.715111111,pca,63.95097754,0.008090377,2.453864596,0.243385825,0.248411839,6.060690603
200,0.1,80,35,1,0.196666667,0.475,0.118333333,0.155,0.208333333,0.463333333,pca,81.9300182,0.009220416,2.475283209,0.239758014,0.206542168,6.94252704
200,0.1,80,35,3,0.242222222,0.574444444,0.158333333,0.201666667,0.237777778,0.563333333,pca,81.9300182,0.009220416,2.475283209,0.239758014,0.206542168,6.94252704
200,0.1,80,35,6,0.311111111,0.635833333,0.217777778,0.281388889,0.279166667,0.626111111,pca,81.9300182,0.009220416,2.475283209,0.239758014,0.206542168,6.94252704
200,0.1,80,35,10,0.357333333,0.6875,0.2805,0.3145,0.317833333,0.675333333,pca,81.9300182,0.009220416,2.475283209,0.239758014,0.206542168,6.94252704
200,0.1,80,35,15,0.394333333,0.718333333,0.321333333,0.340222222,0.353888889,0.715111111,pca,81.9300182,0.009220416,2.475283209,0.239758014,0.206542168,6.94252704
200,0.1,80,50,1,0.195,0.475,0.118333333,0.155,0.208333333,0.463333333,pca,83.88255537,0.011440533,2.46864491,0.229426605,0.236227787,7.023538947
200,0.1,80,50,3,0.241111111,0.574444444,0.158333333,0.201666667,0.237777778,0.563333333,pca,83.88255537,0.011440533,2.46864491,0.229426605,0.236227787,7.023538947
200,0.1,80,50,6,0.308888889,0.635833333,0.217777778,0.281388889,0.279166667,0.626111111,pca,83.88255537,0.011440533,2.46864491,0.229426605,0.236227787,7.023538947
200,0.1,80,50,10,0.353166667,0.6875,0.2805,0.3145,0.317833333,0.675333333,pca,83.88255537,0.011440533,2.46864491,0.229426605,0.236227787,7.023538947
200,0.1,80,50,15,0.391333333,0.718333333,0.321333333,0.340222222,0.353888889,0.715111111,pca,83.88255537,0.011440533,2.46864491,0.229426605,0.236227787,7.023538947
200,0.1,80,10000,1,0.193333333,0.475,0.118333333,0.155,0.208333333,0.463333333,pca,116.8328848,0.008862547,2.436914645,0.292451598,0.202908654,6.942096063
200,0.1,80,10000,3,0.241666667,0.574444444,0.158333333,0.201666667,0.237777778,0.563333333,pca,116.8328848,0.008862547,2.436914645,0.292451598,0.202908654,6.942096063
200,0.1,80,10000,6,0.308611111,0.635833333,0.217777778,0.281388889,0.279166667,0.626111111,pca,116.8328848,0.008862547,2.436914645,0.292451598,0.202908654,6.942096063
200,0.1,80,10000,10,0.354166667,0.6875,0.2805,0.3145,0.317833333,0.675333333,pca,116.8328848,0.008862547,2.436914645,0.292451598,0.202908654,6.942096063
200,0.1,80,10000,15,0.391444444,0.718333333,0.321333333,0.340222222,0.353888889,0.715111111,pca,116.8328848,0.008862547,2.436914645,0.292451598,0.202908654,6.942096063
200,0.2,80,1,1,0.331666667,0.685,0.105,0.198333333,0.28,0.59,pca,302.4942409,0.335109439,2.648531503,0.259192889,0.230829705,8.392909736
200,0.2,80,1,3,0.405,0.736111111,0.148333333,0.277777778,0.325555556,0.673888889,pca,302.4942409,0.335109439,2.648531503,0.259192889,0.230829705,8.392909736
200,0.2,80,1,6,0.462222222,0.784444444,0.215277778,0.373888889,0.371944444,0.724166667,pca,302.4942409,0.335109439,2.648531503,0.259192889,0.230829705,8.392909736
200,0.2,80,1,10,0.5085,0.821,0.276833333,0.375666667,0.4085,0.762,pca,302.4942409,0.335109439,2.648531503,0.259192889,0.230829705,8.392909736
200,0.2,80,1,15,0.546333333,0.836,0.319555556,0.377222222,0.441,0.788333333,pca,302.4942409,0.335109439,2.648531503,0.259192889,0.230829705,8.392909736
200,0.2,80,6,1,0.333333333,0.685,0.105,0.198333333,0.28,0.59,pca,168.4169979,0.375591345,2.696236499,0.376711369,0.23523672,7.348085758
200,0.2,80,6,3,0.403888889,0.736111111,0.148333333,0.277777778,0.325555556,0.673888889,pca,168.4169979,0.375591345,2.696236499,0.376711369,0.23523672,7.348085758
200,0.2,80,6,6,0.460277778,0.784444444,0.215277778,0.373888889,0.371944444,0.724166667,pca,168.4169979,0.375591345,2.696236499,0.376711369,0.23523672,7.348085758
200,0.2,80,6,10,0.506833333,0.821,0.276833333,0.375666667,0.4085,0.762,pca,168.4169979,0.375591345,2.696236499,0.376711369,0.23523672,7.348085758
200,0.2,80,6,15,0.543888889,0.836,0.319555556,0.377222222,0.441,0.788333333,pca,168.4169979,0.375591345,2.696236499,0.376711369,0.23523672,7.348085758
200,0.2,80,12,1,0.33,0.685,0.105,0.198333333,0.28,0.59,pca,198.9497382,0.192318723,2.723293175,0.325135072,0.357701589,7.722068055
200,0.2,80,12,3,0.407222222,0.736111111,0.148333333,0.277777778,0.325555556,0.673888889,pca,198.9497382,0.192318723,2.723293175,0.325135072,0.357701589,7.722068055
200,0.2,80,12,6,0.461666667,0.784444444,0.215277778,0.373888889,0.371944444,0.724166667,pca,198.9497382,0.192318723,2.723293175,0.325135072,0.357701589,7.722068055
200,0.2,80,12,10,0.509833333,0.821,0.276833333,0.375666667,0.4085,0.762,pca,198.9497382,0.192318723,2.723293175,0.325135072,0.357701589,7.722068055
200,0.2,80,12,15,0.545444444,0.836,0.319555556,0.377222222,0.441,0.788333333,pca,198.9497382,0.192318723,2.723293175,0.325135072,0.357701589,7.722068055
200,0.2,80,18,1,0.34,0.685,0.105,0.198333333,0.28,0.59,pca,188.7184437,0.360805928,2.698443995,0.250493772,0.227074949,7.333019566
200,0.2,80,18,3,0.411111111,0.736111111,0.148333333,0.277777778,0.325555556,0.673888889,pca,188.7184437,0.360805928,2.698443995,0.250493772,0.227074949,7.333019566
200,0.2,80,18,6,0.470833333,0.784444444,0.215277778,0.373888889,0.371944444,0.724166667,pca,188.7184437,0.360805928,2.698443995,0.250493772,0.227074949,7.333019566
200,0.2,80,18,10,0.515666667,0.821,0.276833333,0.375666667,0.4085,0.762,pca,188.7184437,0.360805928,2.698443995,0.250493772,0.227074949,7.333019566
200,0.2,80,18,15,0.554222222,0.836,0.319555556,0.377222222,0.441,0.788333333,pca,188.7184437,0.360805928,2.698443995,0.250493772,0.227074949,7.333019566
200,0.2,80,25,1,0.34,0.685,0.105,0.198333333,0.28,0.59,pca,144.903428,0.541749093,2.705081263,0.925354188,0.255123577,7.364773574
200,0.2,80,25,3,0.415,0.736111111,0.148333333,0.277777778,0.325555556,0.673888889,pca,144.903428,0.541749093,2.705081263,0.925354188,0.255123577,7.364773574
200,0.2,80,25,6,0.4725,0.784444444,0.215277778,0.373888889,0.371944444,0.724166667,pca,144.903428,0.541749093,2.705081263,0.925354188,0.255123577,7.364773574
200,0.2,80,25,10,0.517,0.821,0.276833333,0.375666667,0.4085,0.762,pca,144.903428,0.541749093,2.705081263,0.925354188,0.255123577,7.364773574
200,0.2,80,25,15,0.558444444,0.836,0.319555556,0.377222222,0.441,0.788333333,pca,144.903428,0.541749093,2.705081263,0.925354188,0.255123577,7.364773574
200,0.2,80,35,1,0.33,0.685,0.105,0.198333333,0.28,0.59,pca,168.9587273,0.25521669,2.695426917,0.286217844,0.235489553,8.112302692
200,0.2,80,35,3,0.417222222,0.736111111,0.148333333,0.277777778,0.325555556,0.673888889,pca,168.9587273,0.25521669,2.695426917,0.286217844,0.235489553,8.112302692
200,0.2,80,35,6,0.475,0.784444444,0.215277778,0.373888889,0.371944444,0.724166667,pca,168.9587273,0.25521669,2.695426917,0.286217844,0.235489553,8.112302692
200,0.2,80,35,10,0.522166667,0.821,0.276833333,0.375666667,0.4085,0.762,pca,168.9587273,0.25521669,2.695426917,0.286217844,0.235489553,8.112302692
200,0.2,80,35,15,0.559555556,0.836,0.319555556,0.377222222,0.441,0.788333333,pca,168.9587273,0.25521669,2.695426917,0.286217844,0.235489553,8.112302692
200,0.2,80,50,1,0.33,0.685,0.105,0.198333333,0.28,0.59,pca,172.6964833,0.303457178,2.737195174,0.277599399,0.232257907,8.349055372
200,0.2,80,50,3,0.421666667,0.736111111,0.148333333,0.277777778,0.325555556,0.673888889,pca,172.6964833,0.303457178,2.737195174,0.277599399,0.232257907,8.349055372
200,0.2,80,50,6,0.473333333,0.784444444,0.215277778,0.373888889,0.371944444,0.724166667,pca,172.6964833,0.303457178,2.737195174,0.277599399,0.232257907,8.349055372
200,0.2,80,50,10,0.520333333,0.821,0.276833333,0.375666667,0.4085,0.762,pca,172.6964833,0.303457178,2.737195174,0.277599399,0.232257907,8.349055372
200,0.2,80,50,15,0.559777778,0.836,0.319555556,0.377222222,0.441,0.788333333,pca,172.6964833,0.303457178,2.737195174,0.277599399,0.232257907,8.349055372
200,0.2,80,10000,1,0.353333333,0.685,0.105,0.198333333,0.28,0.59,pca,321.9489491,0.264221569,2.717565244,0.290773533,0.247149781,7.412607142
200,0.2,80,10000,3,0.412222222,0.736111111,0.148333333,0.277777778,0.325555556,0.673888889,pca,321.9489491,0.264221569,2.717565244,0.290773533,0.247149781,7.412607142
200,0.2,80,10000,6,0.454444444,0.784444444,0.215277778,0.373888889,0.371944444,0.724166667,pca,321.9489491,0.264221569,2.717565244,0.290773533,0.247149781,7.412607142
200,0.2,80,10000,10,0.491833333,0.821,0.276833333,0.375666667,0.4085,0.762,pca,321.9489491,0.264221569,2.717565244,0.290773533,0.247149781,7.412607142
200,0.2,80,10000,15,0.522444444,0.836,0.319555556,0.377222222,0.441,0.788333333,pca,321.9489491,0.264221569,2.717565244,0.290773533,0.247149781,7.412607142
200,0.4,80,1,1,0.56,0.865,0.121666667,0.246666667,0.365,0.691666667,pca,820.3543485,0.594562947,3.318170021,0.256849144,0.170165698,7.825864697
200,0.4,80,1,3,0.596111111,0.875555556,0.153333333,0.366666667,0.447777778,0.732222222,pca,820.3543485,0.594562947,3.318170021,0.256849144,0.170165698,7.825864697
200,0.4,80,1,6,0.6525,0.903055556,0.216944444,0.471388889,0.498888889,0.770277778,pca,820.3543485,0.594562947,3.318170021,0.256849144,0.170165698,7.825864697
200,0.4,80,1,10,0.688666667,0.918333333,0.28,0.425833333,0.542166667,0.803166667,pca,820.3543485,0.594562947,3.318170021,0.256849144,0.170165698,7.825864697
200,0.4,80,1,15,0.715333333,0.930333333,0.326777778,0.412333333,0.569111111,0.835111111,pca,820.3543485,0.594562947,3.318170021,0.256849144,0.170165698,7.825864697
200,0.4,80,6,1,0.555,0.865,0.121666667,0.246666667,0.365,0.691666667,pca,508.3027516,0.500746554,3.700050488,0.262937098,0.164235862,7.779651922
200,0.4,80,6,3,0.602222222,0.875555556,0.153333333,0.366666667,0.447777778,0.732222222,pca,508.3027516,0.500746554,3.700050488,0.262937098,0.164235862,7.779651922
200,0.4,80,6,6,0.650833333,0.903055556,0.216944444,0.471388889,0.498888889,0.770277778,pca,508.3027516,0.500746554,3.700050488,0.262937098,0.164235862,7.779651922
200,0.4,80,6,10,0.688666667,0.918333333,0.28,0.425833333,0.542166667,0.803166667,pca,508.3027516,0.500746554,3.700050488,0.262937098,0.164235862,7.779651922
200,0.4,80,6,15,0.715333333,0.930333333,0.326777778,0.412333333,0.569111111,0.835111111,pca,508.3027516,0.500746554,3.700050488,0.262937098,0.164235862,7.779651922
200,0.4,80,12,1,0.551666667,0.865,0.121666667,0.246666667,0.365,0.691666667,pca,513.6046769,1.638818161,4.045298975,0.283365832,0.234089076,7.868270424
200,0.4,80,12,3,0.601111111,0.875555556,0.153333333,0.366666667,0.447777778,0.732222222,pca,513.6046769,1.638818161,4.045298975,0.283365832,0.234089076,7.868270424
200,0.4,80,12,6,0.650277778,0.903055556,0.216944444,0.471388889,0.498888889,0.770277778,pca,513.6046769,1.638818161,4.045298975,0.283365832,0.234089076,7.868270424
200,0.4,80,12,10,0.690333333,0.918333333,0.28,0.425833333,0.542166667,0.803166667,pca,513.6046769,1.638818161,4.045298975,0.283365832,0.234089076,7.868270424
200,0.4,80,12,15,0.717222222,0.930333333,0.326777778,0.412333333,0.569111111,0.835111111,pca,513.6046769,1.638818161,4.045298975,0.283365832,0.234089076,7.868270424
200,0.4,80,18,1,0.551666667,0.865,0.121666667,0.246666667,0.365,0.691666667,pca,481.4429181,0.562185396,3.319686827,0.338724654,0.27368093,8.619629155
200,0.4,80,18,3,0.601666667,0.875555556,0.153333333,0.366666667,0.447777778,0.732222222,pca,481.4429181,0.562185396,3.319686827,0.338724654,0.27368093,8.619629155
200,0.4,80,18,6,0.653055556,0.903055556,0.216944444,0.471388889,0.498888889,0.770277778,pca,481.4429181,0.562185396,3.319686827,0.338724654,0.27368093,8.619629155
200,0.4,80,18,10,0.690666667,0.918333333,0.28,0.425833333,0.542166667,0.803166667,pca,481.4429181,0.562185396,3.319686827,0.338724654,0.27368093,8.619629155
200,0.4,80,18,15,0.719111111,0.930333333,0.326777778,0.412333333,0.569111111,0.835111111,pca,481.4429181,0.562185396,3.319686827,0.338724654,0.27368093,8.619629155
200,0.4,80,25,1,0.556666667,0.865,0.121666667,0.246666667,0.365,0.691666667,pca,422.3069472,0.526428909,3.389996209,0.274045477,0.241224654,8.718480649
200,0.4,80,25,3,0.602777778,0.875555556,0.153333333,0.366666667,0.447777778,0.732222222,pca,422.3069472,0.526428909,3.389996209,0.274045477,0.241224654,8.718480649
200,0.4,80,25,6,0.656944444,0.903055556,0.216944444,0.471388889,0.498888889,0.770277778,pca,422.3069472,0.526428909,3.389996209,0.274045477,0.241224654,8.718480649
200,0.4,80,25,10,0.693166667,0.918333333,0.28,0.425833333,0.542166667,0.803166667,pca,422.3069472,0.526428909,3.389996209,0.274045477,0.241224654,8.718480649
200,0.4,80,25,15,0.720555556,0.930333333,0.326777778,0.412333333,0.569111111,0.835111111,pca,422.3069472,0.526428909,3.389996209,0.274045477,0.241224654,8.718480649
200,0.4,80,35,1,0.551666667,0.865,0.121666667,0.246666667,0.365,0.691666667,pca,516.6582435,0.932199376,3.37281603,0.257530074,0.23509408,7.840798726
200,0.4,80,35,3,0.598888889,0.875555556,0.153333333,0.366666667,0.447777778,0.732222222,pca,516.6582435,0.932199376,3.37281603,0.257530074,0.23509408,7.840798726
200,0.4,80,35,6,0.646944444,0.903055556,0.216944444,0.471388889,0.498888889,0.770277778,pca,516.6582435,0.932199376,3.37281603,0.257530074,0.23509408,7.840798726
200,0.4,80,35,10,0.685,0.918333333,0.28,0.425833333,0.542166667,0.803166667,pca,516.6582435,0.932199376,3.37281603,0.257530074,0.23509408,7.840798726
200,0.4,80,35,15,0.715444444,0.930333333,0.326777778,0.412333333,0.569111111,0.835111111,pca,516.6582435,0.932199376,3.37281603,0.257530074,0.23509408,7.840798726
200,0.4,80,50,1,0.55,0.865,0.121666667,0.246666667,0.365,0.691666667,pca,617.7436356,2.286251944,3.411108604,0.25846091,0.168601231,7.857342332
200,0.4,80,50,3,0.599444444,0.875555556,0.153333333,0.366666667,0.447777778,0.732222222,pca,617.7436356,2.286251944,3.411108604,0.25846091,0.168601231,7.857342332
200,0.4,80,50,6,0.648055556,0.903055556,0.216944444,0.471388889,0.498888889,0.770277778,pca,617.7436356,2.286251944,3.411108604,0.25846091,0.168601231,7.857342332
200,0.4,80,50,10,0.686333333,0.918333333,0.28,0.425833333,0.542166667,0.803166667,pca,617.7436356,2.286251944,3.411108604,0.25846091,0.168601231,7.857342332
200,0.4,80,50,15,0.714666667,0.930333333,0.326777778,0.412333333,0.569111111,0.835111111,pca,617.7436356,2.286251944,3.411108604,0.25846091,0.168601231,7.857342332
200,0.4,80,10000,1,0.551666667,0.865,0.121666667,0.246666667,0.365,0.691666667,pca,582.5616539,0.493808656,3.319439708,0.336288901,1.167988007,9.268010547
200,0.4,80,10000,3,0.585,0.875555556,0.153333333,0.366666667,0.447777778,0.732222222,pca,582.5616539,0.493808656,3.319439708,0.336288901,1.167988007,9.268010547
200,0.4,80,10000,6,0.629722222,0.903055556,0.216944444,0.471388889,0.498888889,0.770277778,pca,582.5616539,0.493808656,3.319439708,0.336288901,1.167988007,9.268010547
200,0.4,80,10000,10,0.656,0.918333333,0.28,0.425833333,0.542166667,0.803166667,pca,582.5616539,0.493808656,3.319439708,0.336288901,1.167988007,9.268010547
200,0.4,80,10000,15,0.689555556,0.930333333,0.326777778,0.412333333,0.569111111,0.835111111,pca,582.5616539,0.493808656,3.319439708,0.336288901,1.167988007,9.268010547
200,0.6,80,1,1,0.678333333,0.938333333,0.116666667,0.266666667,0.46,0.691666667,pca,1479.770403,1.00179207,3.914891218,0.273249475,0.395376057,8.180160703
200,0.6,80,1,3,0.717222222,0.953888889,0.152222222,0.417777778,0.532777778,0.758333333,pca,1479.770403,1.00179207,3.914891218,0.273249475,0.395376057,8.180160703
200,0.6,80,1,6,0.767222222,0.953055556,0.214166667,0.526666667,0.588055556,0.799444444,pca,1479.770403,1.00179207,3.914891218,0.273249475,0.395376057,8.180160703
200,0.6,80,1,10,0.787333333,0.9655,0.276666667,0.456833333,0.630666667,0.838,pca,1479.770403,1.00179207,3.914891218,0.273249475,0.395376057,8.180160703
200,0.6,80,1,15,0.809444444,0.969333333,0.324555556,0.430777778,0.659,0.856666667,pca,1479.770403,1.00179207,3.914891218,0.273249475,0.395376057,8.180160703
200,0.6,80,6,1,0.683333333,0.938333333,0.116666667,0.266666667,0.46,0.691666667,pca,890.9173853,0.932015257,3.907582222,0.352280905,1.150161885,9.427179379
200,0.6,80,6,3,0.721111111,0.953888889,0.152222222,0.417777778,0.532777778,0.758333333,pca,890.9173853,0.932015257,3.907582222,0.352280905,1.150161885,9.427179379
200,0.6,80,6,6,0.768333333,0.953055556,0.214166667,0.526666667,0.588055556,0.799444444,pca,890.9173853,0.932015257,3.907582222,0.352280905,1.150161885,9.427179379
200,0.6,80,6,10,0.788,0.9655,0.276666667,0.456833333,0.630666667,0.838,pca,890.9173853,0.932015257,3.907582222,0.352280905,1.150161885,9.427179379
200,0.6,80,6,15,0.810777778,0.969333333,0.324555556,0.430777778,0.659,0.856666667,pca,890.9173853,0.932015257,3.907582222,0.352280905,1.150161885,9.427179379
200,0.6,80,12,1,0.685,0.938333333,0.116666667,0.266666667,0.46,0.691666667,pca,967.17629,1.184154026,3.939651481,0.300581946,0.259671868,8.163941528
200,0.6,80,12,3,0.727777778,0.953888889,0.152222222,0.417777778,0.532777778,0.758333333,pca,967.17629,1.184154026,3.939651481,0.300581946,0.259671868,8.163941528
200,0.6,80,12,6,0.770277778,0.953055556,0.214166667,0.526666667,0.588055556,0.799444444,pca,967.17629,1.184154026,3.939651481,0.300581946,0.259671868,8.163941528
200,0.6,80,12,10,0.791166667,0.9655,0.276666667,0.456833333,0.630666667,0.838,pca,967.17629,1.184154026,3.939651481,0.300581946,0.259671868,8.163941528
200,0.6,80,12,15,0.812111111,0.969333333,0.324555556,0.430777778,0.659,0.856666667,pca,967.17629,1.184154026,3.939651481,0.300581946,0.259671868,8.163941528
200,0.6,80,18,1,0.685,0.938333333,0.116666667,0.266666667,0.46,0.691666667,pca,835.7986303,0.640058873,5.305193494,0.275024619,0.308207269,10.25930967
200,0.6,80,18,3,0.721666667,0.953888889,0.152222222,0.417777778,0.532777778,0.758333333,pca,835.7986303,0.640058873,5.305193494,0.275024619,0.308207269,10.25930967
200,0.6,80,18,6,0.774166667,0.953055556,0.214166667,0.526666667,0.588055556,0.799444444,pca,835.7986303,0.640058873,5.305193494,0.275024619,0.308207269,10.25930967
200,0.6,80,18,10,0.786666667,0.9655,0.276666667,0.456833333,0.630666667,0.838,pca,835.7986303,0.640058873,5.305193494,0.275024619,0.308207269,10.25930967
200,0.6,80,18,15,0.813222222,0.969333333,0.324555556,0.430777778,0.659,0.856666667,pca,835.7986303,0.640058873,5.305193494,0.275024619,0.308207269,10.25930967
200,0.6,80,25,1,0.683333333,0.938333333,0.116666667,0.266666667,0.46,0.691666667,pca,775.3932853,1.986734993,5.766115706,0.377225234,0.255695189,8.143866518
200,0.6,80,25,3,0.722777778,0.953888889,0.152222222,0.417777778,0.532777778,0.758333333,pca,775.3932853,1.986734993,5.766115706,0.377225234,0.255695189,8.143866518
200,0.6,80,25,6,0.77,0.953055556,0.214166667,0.526666667,0.588055556,0.799444444,pca,775.3932853,1.986734993,5.766115706,0.377225234,0.255695189,8.143866518
200,0.6,80,25,10,0.787166667,0.9655,0.276666667,0.456833333,0.630666667,0.838,pca,775.3932853,1.986734993,5.766115706,0.377225234,0.255695189,8.143866518
200,0.6,80,25,15,0.810333333,0.969333333,0.324555556,0.430777778,0.659,0.856666667,pca,775.3932853,1.986734993,5.766115706,0.377225234,0.255695189,8.143866518
200,0.6,80,35,1,0.688333333,0.938333333,0.116666667,0.266666667,0.46,0.691666667,pca,917.2865758,0.859894769,3.906173531,0.283716956,1.320696956,9.670862799
200,0.6,80,35,3,0.727777778,0.953888889,0.152222222,0.417777778,0.532777778,0.758333333,pca,917.2865758,0.859894769,3.906173531,0.283716956,1.320696956,9.670862799
200,0.6,80,35,6,0.770833333,0.953055556,0.214166667,0.526666667,0.588055556,0.799444444,pca,917.2865758,0.859894769,3.906173531,0.283716956,1.320696956,9.670862799
200,0.6,80,35,10,0.792,0.9655,0.276666667,0.456833333,0.630666667,0.838,pca,917.2865758,0.859894769,3.906173531,0.283716956,1.320696956,9.670862799
200,0.6,80,35,15,0.814888889,0.969333333,0.324555556,0.430777778,0.659,0.856666667,pca,917.2865758,0.859894769,3.906173531,0.283716956,1.320696956,9.670862799
200,0.6,80,50,1,0.68,0.938333333,0.116666667,0.266666667,0.46,0.691666667,pca,1053.744773,2.355620658,4.97397876,0.323834283,0.408368618,9.003471514
200,0.6,80,50,3,0.725555556,0.953888889,0.152222222,0.417777778,0.532777778,0.758333333,pca,1053.744773,2.355620658,4.97397876,0.323834283,0.408368618,9.003471514
200,0.6,80,50,6,0.767777778,0.953055556,0.214166667,0.526666667,0.588055556,0.799444444,pca,1053.744773,2.355620658,4.97397876,0.323834283,0.408368618,9.003471514
200,0.6,80,50,10,0.7845,0.9655,0.276666667,0.456833333,0.630666667,0.838,pca,1053.744773,2.355620658,4.97397876,0.323834283,0.408368618,9.003471514
200,0.6,80,50,15,0.810222222,0.969333333,0.324555556,0.430777778,0.659,0.856666667,pca,1053.744773,2.355620658,4.97397876,0.323834283,0.408368618,9.003471514
200,0.6,80,10000,1,0.685,0.938333333,0.116666667,0.266666667,0.46,0.691666667,pca,867.3194144,0.849990813,3.926598417,0.270486008,0.3269583,8.463485506
200,0.6,80,10000,3,0.702777778,0.953888889,0.152222222,0.417777778,0.532777778,0.758333333,pca,867.3194144,0.849990813,3.926598417,0.270486008,0.3269583,8.463485506
200,0.6,80,10000,6,0.753888889,0.953055556,0.214166667,0.526666667,0.588055556,0.799444444,pca,867.3194144,0.849990813,3.926598417,0.270486008,0.3269583,8.463485506
200,0.6,80,10000,10,0.774333333,0.9655,0.276666667,0.456833333,0.630666667,0.838,pca,867.3194144,0.849990813,3.926598417,0.270486008,0.3269583,8.463485506
200,0.6,80,10000,15,0.800666667,0.969333333,0.324555556,0.430777778,0.659,0.856666667,pca,867.3194144,0.849990813,3.926598417,0.270486008,0.3269583,8.463485506
